year,month,day,catch_scrubbed,trips_scrubbed
2000,1,1,3803,13
2000,1,2,7267,23
2000,1,3,9015,29
2000,1,4,5948,25
2000,1,5,6131,26
2000,1,6,9925,32
2000,1,7,7265,37
2000,1,8,4799,24
2000,1,9,3797,19
2000,1,10,14116,26
2000,1,11,2231,20
2000,1,12,1848,19
2000,1,13,1550,15
2000,1,14,3053,13
2000,1,15,1853,8
2000,1,16,2864,11
2000,1,17,3344,14
2000,1,18,4965,18
2000,1,19,4440,18
2000,1,20,13056,20
2000,1,21,2233,8
2000,1,22,284.9,< 4
2000,1,23,1580,6
2000,1,24,1176,7
2000,1,25,2536,8
2000,1,26,1639,5
2000,1,27,788.1,4
2000,1,28,518.1,4
2000,1,29,3438,< 4
2000,1,30,615.7,< 4
2000,1,31,201.5,< 4
2000,2,1,< 200,< 4
2000,2,2,474.6,5
2000,2,3,3638,5
2000,2,4,272.1,< 4
2000,2,5,272.1,< 4
2000,2,6,268.3,< 4
2000,2,7,738,< 4
2000,2,8,815.7,< 4
2000,2,9,268.3,< 4
2000,2,10,333.8,< 4
2000,2,11,< 200,< 4
2000,2,12,0,0
2000,2,13,0,0
2000,2,14,0,0
2000,2,15,< 200,< 4
2000,2,16,< 200,< 4
2000,2,17,< 200,< 4
2000,2,18,1984,< 4
2000,2,19,0,0
2000,2,20,< 200,< 4
2000,2,21,< 200,< 4
2000,2,22,< 200,< 4
2000,2,23,< 200,< 4
2000,2,24,< 200,6
2000,2,25,< 200,5
2000,2,26,0,0
2000,2,27,362.5,4
2000,2,28,457.5,8
2000,2,29,473,9
2000,3,1,488,11
2000,3,2,498,8
2000,3,3,304,5
2000,3,4,0,0
2000,3,5,< 200,4
2000,3,6,< 200,5
2000,3,7,403.5,9
2000,3,8,218,8
2000,3,9,659.3,11
2000,3,10,258.3,5
2000,3,11,< 200,< 4
2000,3,12,284.8,5
2000,3,13,355.8,9
2000,3,14,345.8,12
2000,3,15,436.3,12
2000,3,16,554.8,11
2000,3,17,< 200,< 4
2000,3,18,< 200,< 4
2000,3,19,< 200,< 4
2000,3,20,< 200,< 4
2000,3,21,237,5
2000,3,22,661,10
2000,3,23,< 200,< 4
2000,3,24,237,5
2000,3,25,< 200,< 4
2000,3,26,616.5,11
2000,3,27,1548,23
2000,3,28,1679,21
2000,3,29,735.8,14
2000,3,30,1383,22
2000,3,31,1219,20
2000,4,1,0,0
2000,4,2,370,9
2000,4,3,1453,30
2000,4,4,691.6,12
2000,4,5,1007,22
2000,4,6,1490,27
2000,4,7,464.8,7
2000,4,8,< 200,< 4
2000,4,9,367.5,8
2000,4,10,1518,30
2000,4,11,1203,26
2000,4,12,982.7,21
2000,4,13,< 200,8
2000,4,14,< 200,< 4
2000,4,15,258,< 4
2000,4,16,1047,17
2000,4,17,1534,37
2000,4,18,856.5,26
2000,4,19,472.2,9
2000,4,20,815.2,23
2000,4,21,1405,30
2000,4,22,< 200,< 4
2000,4,23,512,16
2000,4,24,935.5,30
2000,4,25,361.3,11
2000,4,26,622.6,14
2000,4,27,843.1,18
2000,4,28,1488,14
2000,4,29,247.8,4
2000,4,30,274,11
2000,5,1,1415,31
2000,5,2,632.5,19
2000,5,3,1112,25
2000,5,4,1304,31
2000,5,5,1039,25
2000,5,6,< 200,< 4
2000,5,7,1292,25
2000,5,8,1752,39
2000,5,9,600.7,18
2000,5,10,1100,12
2000,5,11,1774,30
2000,5,12,1973,33
2000,5,13,372.3,5
2000,5,14,1986,25
2000,5,15,3134,42
2000,5,16,3072,37
2000,5,17,2600,39
2000,5,18,3434,40
2000,5,19,527,10
2000,5,20,312,4
2000,5,21,1806,27
2000,5,22,6043,46
2000,5,23,2713,39
2000,5,24,3858,37
2000,5,25,3449,34
2000,5,26,2512,24
2000,5,27,1950,14
2000,5,28,3195,43
2000,5,29,11054,52
2000,5,30,5067,25
2000,5,31,3571,35
2000,6,1,10203,56
2000,6,2,7947,57
2000,6,3,2386,14
2000,6,4,5246,44
2000,6,5,7759,60
2000,6,6,6423,58
2000,6,7,7639,53
2000,6,8,5387,46
2000,6,9,4745,30
2000,6,10,1545,16
2000,6,11,5011,45
2000,6,12,7024,65
2000,6,13,5874,57
2000,6,14,9343,60
2000,6,15,12211,61
2000,6,16,10517,49
2000,6,17,6179,23
2000,6,18,13964,69
2000,6,19,28514,107
2000,6,20,33642,116
2000,6,21,25820,121
2000,6,22,21613,108
2000,6,23,16653,66
2000,6,24,8047,35
2000,6,25,16904,81
2000,6,26,31620,130
2000,6,27,34988,130
2000,6,28,29911,127
2000,6,29,27513,109
2000,6,30,46066,112
2000,7,1,16656,55
2000,7,2,32851,102
2000,7,3,53000,159
2000,7,4,62911,142
2000,7,5,57267,142
2000,7,6,58524,150
2000,7,7,98707,140
2000,7,8,21007,45
2000,7,9,53547,122
2000,7,10,85419,196
2000,7,11,83028,192
2000,7,12,85100,196
2000,7,13,88299,190
2000,7,14,1.14E+05,168
2000,7,15,21119,41
2000,7,16,1.04E+05,159
2000,7,17,1.45E+05,218
2000,7,18,1.50E+05,219
2000,7,19,1.49E+05,211
2000,7,20,1.36E+05,188
2000,7,21,1.36E+05,142
2000,7,22,41429,36
2000,7,23,66333,138
2000,7,24,84549,197
2000,7,25,90887,207
2000,7,26,1.03E+05,216
2000,7,27,1.01E+05,204
2000,7,28,1.11E+05,158
2000,7,29,13703,47
2000,7,30,50667,136
2000,7,31,78928,196
2000,8,1,92331,230
2000,8,2,85709,238
2000,8,3,73395,195
2000,8,4,91012,160
2000,8,5,22449,41
2000,8,6,57943,158
2000,8,7,67810,205
2000,8,8,68441,202
2000,8,9,67384,202
2000,8,10,61693,170
2000,8,11,48688,131
2000,8,12,8900,27
2000,8,13,49296,138
2000,8,14,65861,192
2000,8,15,65076,194
2000,8,16,67258,193
2000,8,17,65309,173
2000,8,18,63241,138
2000,8,19,26544,26
2000,8,20,40157,130
2000,8,21,45698,180
2000,8,22,49840,193
2000,8,23,47744,192
2000,8,24,43860,168
2000,8,25,51048,122
2000,8,26,10013,34
2000,8,27,34494,117
2000,8,28,41775,161
2000,8,29,41360,170
2000,8,30,43174,151
2000,8,31,36484,130
2000,9,1,35515,111
2000,9,2,8245,28
2000,9,3,28832,112
2000,9,4,37113,165
2000,9,5,38673,155
2000,9,6,52987,158
2000,9,7,45792,155
2000,9,8,29162,114
2000,9,9,18920,47
2000,9,10,52943,137
2000,9,11,62700,172
2000,9,12,63885,170
2000,9,13,71918,185
2000,9,14,69515,175
2000,9,15,70867,142
2000,9,16,20775,48
2000,9,17,47921,154
2000,9,18,52641,187
2000,9,19,55839,176
2000,9,20,63691,194
2000,9,21,63956,194
2000,9,22,69604,183
2000,9,23,17692,50
2000,9,24,48434,137
2000,9,25,70794,197
2000,9,26,64290,176
2000,9,27,67259,189
2000,9,28,55672,173
2000,9,29,45892,122
2000,9,30,17248,46
2000,10,1,18013,67
2000,10,2,52703,154
2000,10,3,56240,185
2000,10,4,59549,184
2000,10,5,54336,163
2000,10,6,58923,143
2000,10,7,11036,42
2000,10,8,29301,81
2000,10,9,55674,139
2000,10,10,62751,175
2000,10,11,61026,185
2000,10,12,54251,160
2000,10,13,56493,126
2000,10,14,22083,44
2000,10,15,27816,81
2000,10,16,39348,134
2000,10,17,41891,135
2000,10,18,48092,144
2000,10,19,55832,154
2000,10,20,39774,108
2000,10,21,17291,47
2000,10,22,23120,84
2000,10,23,35745,136
2000,10,24,35775,137
2000,10,25,37271,135
2000,10,26,40240,111
2000,10,27,34548,89
2000,10,28,20755,51
2000,10,29,33313,96
2000,10,30,35964,129
2000,10,31,31481,117
2000,11,1,32799,113
2000,11,2,31442,112
2000,11,3,29832,99
2000,11,4,13140,37
2000,11,5,16439,71
2000,11,6,22943,108
2000,11,7,21740,113
2000,11,8,19665,95
2000,11,9,17823,79
2000,11,10,18904,71
2000,11,11,9659,37
2000,11,12,19999,89
2000,11,13,24129,123
2000,11,14,19434,104
2000,11,15,23509,98
2000,11,16,18870,81
2000,11,17,10930,44
2000,11,18,4623,23
2000,11,19,4211,21
2000,11,20,10762,46
2000,11,21,13816,44
2000,11,22,7020,34
2000,11,23,3703,19
2000,11,24,4307,17
2000,11,25,702.7,5
2000,11,26,1936,12
2000,11,27,4103,33
2000,11,28,5391,36
2000,11,29,4951,32
2000,11,30,2773,23
2000,12,1,2069,15
2000,12,2,719.3,5
2000,12,3,208.8,< 4
2000,12,4,243.8,< 4
2000,12,5,650.4,5
2000,12,6,263.4,< 4
2000,12,7,699.5,< 4
2000,12,8,766.1,< 4
2000,12,9,1292,7
2000,12,10,1159,7
2000,12,11,1940,11
2000,12,12,1541,9
2000,12,13,974.9,5
2000,12,14,974.9,5
2000,12,15,339.6,< 4
2000,12,16,366,< 4
2000,12,17,453.4,4
2000,12,18,749.6,6
2000,12,19,749.6,6
2000,12,20,673,5
2000,12,21,585.6,< 4
2000,12,22,237,< 4
2000,12,23,0,0
2000,12,24,0,0
2000,12,25,0,0
2000,12,26,0,0
2000,12,27,0,0
2000,12,28,0,0
2000,12,29,0,0
2000,12,30,250,< 4
2000,12,31,0,0
2001,1,1,0,0
2001,1,2,0,0
2001,1,3,0,0
2001,1,4,0,0
2001,1,5,< 200,< 4
2001,1,6,< 200,< 4
2001,1,7,< 200,< 4
2001,1,8,< 200,< 4
2001,1,9,0,0
2001,1,10,0,0
2001,1,11,0,0
2001,1,12,0,0
2001,1,13,0,0
2001,1,14,0,0
2001,1,15,0,0
2001,1,16,0,0
2001,1,17,0,0
2001,1,18,0,0
2001,1,19,0,0
2001,1,20,0,0
2001,1,21,0,0
2001,1,22,0,0
2001,1,23,0,0
2001,1,24,0,0
2001,1,25,0,0
2001,1,26,0,0
2001,1,27,0,0
2001,1,28,0,0
2001,1,29,0,0
2001,1,30,0,0
2001,1,31,0,0
2001,2,1,< 200,< 4
2001,2,2,0,0
2001,2,3,0,0
2001,2,4,0,0
2001,2,5,0,0
2001,2,6,0,0
2001,2,7,0,0
2001,2,8,0,0
2001,2,9,0,0
2001,2,10,0,0
2001,2,11,0,0
2001,2,12,0,0
2001,2,13,0,0
2001,2,14,0,0
2001,2,15,0,0
2001,2,16,0,0
2001,2,17,0,0
2001,2,18,0,0
2001,2,19,0,0
2001,2,20,0,0
2001,2,21,0,0
2001,2,22,0,0
2001,2,23,0,0
2001,2,24,0,0
2001,2,25,0,0
2001,2,26,< 200,< 4
2001,2,27,< 200,< 4
2001,2,28,< 200,< 4
2001,3,1,0,0
2001,3,2,< 200,< 4
2001,3,3,0,0
2001,3,4,0,0
2001,3,5,0,0
2001,3,6,0,0
2001,3,7,0,0
2001,3,8,0,0
2001,3,9,0,0
2001,3,10,0,0
2001,3,11,< 200,< 4
2001,3,12,< 200,< 4
2001,3,13,308.5,< 4
2001,3,14,286,4
2001,3,15,264.5,6
2001,3,16,333.5,< 4
2001,3,17,< 200,< 4
2001,3,18,< 200,5
2001,3,19,< 200,5
2001,3,20,< 200,< 4
2001,3,21,< 200,< 4
2001,3,22,< 200,< 4
2001,3,23,< 200,< 4
2001,3,24,0,0
2001,3,25,0,0
2001,3,26,0,0
2001,3,27,0,0
2001,3,28,0,0
2001,3,29,0,0
2001,3,30,0,0
2001,3,31,0,0
2001,4,1,296,5
2001,4,2,472,6
2001,4,3,367.5,7
2001,4,4,246,7
2001,4,5,< 200,5
2001,4,6,< 200,4
2001,4,7,0,0
2001,4,8,685.5,11
2001,4,9,561.5,13
2001,4,10,459,11
2001,4,11,234.5,11
2001,4,12,205.5,7
2001,4,13,< 200,< 4
2001,4,14,< 200,< 4
2001,4,15,300.8,6
2001,4,16,275.9,10
2001,4,17,232.9,6
2001,4,18,< 200,4
2001,4,19,291.8,10
2001,4,20,265.3,8
2001,4,21,0,0
2001,4,22,689.8,19
2001,4,23,1039,29
2001,4,24,577.6,16
2001,4,25,431.3,12
2001,4,26,281.8,9
2001,4,27,722.8,15
2001,4,28,< 200,< 4
2001,4,29,828.6,16
2001,4,30,809.1,28
2001,5,1,1170,32
2001,5,2,944.2,32
2001,5,3,651.2,25
2001,5,4,249,9
2001,5,5,< 200,< 4
2001,5,6,< 200,< 4
2001,5,7,1105,18
2001,5,8,1395,27
2001,5,9,1216,35
2001,5,10,904.5,34
2001,5,11,377.5,17
2001,5,12,< 200,< 4
2001,5,13,1384,32
2001,5,14,1790,48
2001,5,15,1350,45
2001,5,16,1104,34
2001,5,17,857.3,22
2001,5,18,764.3,19
2001,5,19,< 200,< 4
2001,5,20,2488,35
2001,5,21,2800,57
2001,5,22,2119,38
2001,5,23,3537,48
2001,5,24,2693,52
2001,5,25,3497,45
2001,5,26,480.8,8
2001,5,27,2212,38
2001,5,28,3881,65
2001,5,29,4205,64
2001,5,30,2597,63
2001,5,31,1657,59
2001,6,1,1327,30
2001,6,2,602.8,9
2001,6,3,4188,55
2001,6,4,3814,72
2001,6,5,3312,65
2001,6,6,3007,57
2001,6,7,2505,50
2001,6,8,2519,42
2001,6,9,851.8,13
2001,6,10,4269,63
2001,6,11,5285,75
2001,6,12,6183,77
2001,6,13,4131,67
2001,6,14,4351,48
2001,6,15,8063,53
2001,6,16,8707,36
2001,6,17,12458,84
2001,6,18,16221,129
2001,6,19,17698,130
2001,6,20,16471,117
2001,6,21,16896,107
2001,6,22,15400,81
2001,6,23,6892,28
2001,6,24,24860,95
2001,6,25,38597,141
2001,6,26,34534,140
2001,6,27,37155,144
2001,6,28,40321,141
2001,6,29,27672,97
2001,6,30,16169,42
2001,7,1,44632,120
2001,7,2,60373,179
2001,7,3,73019,196
2001,7,4,61943,189
2001,7,5,60393,166
2001,7,6,47437,141
2001,7,7,13658,41
2001,7,8,64763,166
2001,7,9,79351,221
2001,7,10,83852,216
2001,7,11,78363,211
2001,7,12,71994,191
2001,7,13,66576,144
2001,7,14,25750,46
2001,7,15,67022,182
2001,7,16,81772,239
2001,7,17,78911,231
2001,7,18,74821,219
2001,7,19,66741,213
2001,7,20,62394,158
2001,7,21,11247,47
2001,7,22,40432,157
2001,7,23,56463,196
2001,7,24,52609,185
2001,7,25,56682,190
2001,7,26,58010,203
2001,7,27,55315,177
2001,7,28,20637,63
2001,7,29,38178,152
2001,7,30,52786,195
2001,7,31,55333,192
2001,8,1,65623,216
2001,8,2,64587,206
2001,8,3,50764,158
2001,8,4,15025,40
2001,8,5,43698,154
2001,8,6,57035,225
2001,8,7,57195,224
2001,8,8,53057,212
2001,8,9,45259,188
2001,8,10,40758,147
2001,8,11,8226,28
2001,8,12,35523,135
2001,8,13,52315,222
2001,8,14,51571,232
2001,8,15,51141,236
2001,8,16,45407,213
2001,8,17,33573,142
2001,8,18,4317,32
2001,8,19,28318,138
2001,8,20,44305,208
2001,8,21,45412,221
2001,8,22,43665,209
2001,8,23,37431,178
2001,8,24,25654,122
2001,8,25,5680,28
2001,8,26,16109,111
2001,8,27,28536,176
2001,8,28,25446,164
2001,8,29,23645,140
2001,8,30,17973,121
2001,8,31,14100,85
2001,9,1,3717,19
2001,9,2,22914,111
2001,9,3,30197,166
2001,9,4,30326,168
2001,9,5,26866,165
2001,9,6,22884,133
2001,9,7,19518,104
2001,9,8,1197,11
2001,9,9,16581,99
2001,9,10,23732,158
2001,9,11,24624,161
2001,9,12,23944,153
2001,9,13,20972,133
2001,9,14,16757,105
2001,9,15,5530,24
2001,9,16,16131,92
2001,9,17,33740,160
2001,9,18,31837,151
2001,9,19,23688,126
2001,9,20,22709,113
2001,9,21,15900,89
2001,9,22,6578,40
2001,9,23,9141,66
2001,9,24,19797,124
2001,9,25,19158,124
2001,9,26,20165,133
2001,9,27,16060,122
2001,9,28,10081,83
2001,9,29,3702,31
2001,9,30,7889,44
2001,10,1,18259,116
2001,10,2,16414,110
2001,10,3,12888,97
2001,10,4,12102,86
2001,10,5,13291,76
2001,10,6,5051,31
2001,10,7,11567,65
2001,10,8,14931,110
2001,10,9,15866,102
2001,10,10,15063,109
2001,10,11,11860,91
2001,10,12,9535,74
2001,10,13,4322,35
2001,10,14,4920,48
2001,10,15,16747,98
2001,10,16,17150,108
2001,10,17,13203,96
2001,10,18,12481,86
2001,10,19,9692,71
2001,10,20,5524,38
2001,10,21,9278,48
2001,10,22,19738,108
2001,10,23,16188,102
2001,10,24,15617,94
2001,10,25,12864,92
2001,10,26,9142,64
2001,10,27,3415,25
2001,10,28,10588,55
2001,10,29,27203,96
2001,10,30,18403,85
2001,10,31,14362,71
2001,11,1,13207,62
2001,11,2,10876,55
2001,11,3,5133,17
2001,11,4,4905,30
2001,11,5,9658,59
2001,11,6,6816,49
2001,11,7,9897,59
2001,11,8,7968,51
2001,11,9,6837,43
2001,11,10,859.9,12
2001,11,11,731.1,8
2001,11,12,4907,21
2001,11,13,3262,22
2001,11,14,2557,21
2001,11,15,1469,14
2001,11,16,1440,9
2001,11,17,1330,7
2001,11,18,1632,11
2001,11,19,2306,20
2001,11,20,2807,24
2001,11,21,2915,21
2001,11,22,2669,17
2001,11,23,2053,15
2001,11,24,332.9,< 4
2001,11,25,917.4,14
2001,11,26,1541,22
2001,11,27,972,15
2001,11,28,1254,20
2001,11,29,539.8,12
2001,11,30,1085,12
2001,12,1,293,4
2001,12,2,696.4,6
2001,12,3,1594,12
2001,12,4,1272,18
2001,12,5,1068,15
2001,12,6,1239,16
2001,12,7,1077,12
2001,12,8,276.7,< 4
2001,12,9,< 200,< 4
2001,12,10,771.8,9
2001,12,11,1264,12
2001,12,12,1188,13
2001,12,13,1599,15
2001,12,14,926.6,10
2001,12,15,1351,9
2001,12,16,1182,9
2001,12,17,4621,16
2001,12,18,1132,10
2001,12,19,1753,10
2001,12,20,1828,10
2001,12,21,1528,9
2001,12,22,2355,7
2001,12,23,310.7,< 4
2001,12,24,878.5,< 4
2001,12,25,0,0
2001,12,26,0,0
2001,12,27,0,0
2001,12,28,< 200,< 4
2001,12,29,< 200,< 4
2001,12,30,< 200,< 4
2001,12,31,< 200,< 4
2002,1,1,239.7,4
2002,1,2,219.5,< 4
2002,1,3,219.5,< 4
2002,1,4,< 200,< 4
2002,1,5,403.1,< 4
2002,1,6,317.5,< 4
2002,1,7,347.5,4
2002,1,8,< 200,< 4
2002,1,9,< 200,< 4
2002,1,10,445.2,< 4
2002,1,11,367.4,< 4
2002,1,12,367.4,< 4
2002,1,13,367.4,< 4
2002,1,14,367.4,< 4
2002,1,15,367.4,< 4
2002,1,16,367.4,< 4
2002,1,17,0,0
2002,1,18,0,0
2002,1,19,0,0
2002,1,20,0,0
2002,1,21,0,0
2002,1,22,< 200,< 4
2002,1,23,< 200,< 4
2002,1,24,< 200,< 4
2002,1,25,< 200,< 4
2002,1,26,0,0
2002,1,27,< 200,< 4
2002,1,28,< 200,< 4
2002,1,29,< 200,< 4
2002,1,30,< 200,< 4
2002,1,31,< 200,< 4
2002,2,1,< 200,< 4
2002,2,2,< 200,< 4
2002,2,3,< 200,< 4
2002,2,4,< 200,< 4
2002,2,5,< 200,< 4
2002,2,6,< 200,< 4
2002,2,7,< 200,< 4
2002,2,8,< 200,< 4
2002,2,9,< 200,< 4
2002,2,10,< 200,< 4
2002,2,11,< 200,< 4
2002,2,12,< 200,< 4
2002,2,13,< 200,< 4
2002,2,14,< 200,< 4
2002,2,15,< 200,< 4
2002,2,16,0,0
2002,2,17,0,0
2002,2,18,0,0
2002,2,19,0,0
2002,2,20,0,0
2002,2,21,0,0
2002,2,22,< 200,< 4
2002,2,23,< 200,< 4
2002,2,24,< 200,< 4
2002,2,25,< 200,< 4
2002,2,26,0,0
2002,2,27,0,0
2002,2,28,< 200,< 4
2002,3,1,0,0
2002,3,2,< 200,< 4
2002,3,3,0,0
2002,3,4,0,0
2002,3,5,0,0
2002,3,6,0,0
2002,3,7,0,0
2002,3,8,< 200,< 4
2002,3,9,0,0
2002,3,10,< 200,< 4
2002,3,11,< 200,< 4
2002,3,12,307.5,4
2002,3,13,266,6
2002,3,14,356.5,8
2002,3,15,624.4,8
2002,3,16,< 200,< 4
2002,3,17,1164,9
2002,3,18,904.5,16
2002,3,19,581,15
2002,3,20,690,15
2002,3,21,211.5,9
2002,3,22,< 200,< 4
2002,3,23,0,0
2002,3,24,761.3,18
2002,3,25,1354,26
2002,3,26,1292,18
2002,3,27,1669,22
2002,3,28,1390,22
2002,3,29,1697,19
2002,3,30,0,0
2002,3,31,2057,17
2002,4,1,3106,36
2002,4,2,2877,39
2002,4,3,2456,40
2002,4,4,1081,25
2002,4,5,405.8,6
2002,4,6,< 200,< 4
2002,4,7,1575,30
2002,4,8,3056,49
2002,4,9,3332,52
2002,4,10,2907,47
2002,4,11,1384,31
2002,4,12,1621,31
2002,4,13,< 200,< 4
2002,4,14,3157,38
2002,4,15,4159,65
2002,4,16,3483,55
2002,4,17,3306,51
2002,4,18,2567,49
2002,4,19,2107,32
2002,4,20,434.9,5
2002,4,21,6776,54
2002,4,22,5565,72
2002,4,23,6304,66
2002,4,24,7068,68
2002,4,25,6147,66
2002,4,26,4605,40
2002,4,27,1555,10
2002,4,28,4376,46
2002,4,29,9064,86
2002,4,30,10555,85
2002,5,1,9767,88
2002,5,2,11136,74
2002,5,3,6634,44
2002,5,4,1888,15
2002,5,5,10082,70
2002,5,6,13199,105
2002,5,7,13144,99
2002,5,8,11888,100
2002,5,9,12157,94
2002,5,10,9360,56
2002,5,11,2386,22
2002,5,12,11605,72
2002,5,13,12053,96
2002,5,14,21215,101
2002,5,15,21332,124
2002,5,16,17777,122
2002,5,17,18412,100
2002,5,18,8461,29
2002,5,19,17675,80
2002,5,20,21044,114
2002,5,21,19094,103
2002,5,22,9781,75
2002,5,23,11473,83
2002,5,24,11393,72
2002,5,25,3485,20
2002,5,26,14340,83
2002,5,27,18102,106
2002,5,28,19362,104
2002,5,29,21987,98
2002,5,30,17686,95
2002,5,31,18077,84
2002,6,1,2985,14
2002,6,2,32185,119
2002,6,3,31766,140
2002,6,4,32148,141
2002,6,5,34510,141
2002,6,6,33278,120
2002,6,7,38116,102
2002,6,8,6500,25
2002,6,9,25875,120
2002,6,10,28792,153
2002,6,11,30118,150
2002,6,12,29841,140
2002,6,13,28645,115
2002,6,14,24610,83
2002,6,15,3953,20
2002,6,16,38857,132
2002,6,17,42688,153
2002,6,18,47671,171
2002,6,19,61123,195
2002,6,20,65292,193
2002,6,21,54389,143
2002,6,22,12212,31
2002,6,23,74220,160
2002,6,24,91050,216
2002,6,25,95374,221
2002,6,26,89526,205
2002,6,27,77645,187
2002,6,28,70563,147
2002,6,29,22643,42
2002,6,30,99121,148
2002,7,1,1.20E+05,205
2002,7,2,1.21E+05,222
2002,7,3,1.16E+05,220
2002,7,4,87878,179
2002,7,5,75000,155
2002,7,6,13736,44
2002,7,7,1.34E+05,210
2002,7,8,1.45E+05,245
2002,7,9,1.46E+05,247
2002,7,10,1.29E+05,230
2002,7,11,1.18E+05,204
2002,7,12,90283,166
2002,7,13,14331,45
2002,7,14,1.66E+05,212
2002,7,15,1.75E+05,254
2002,7,16,1.70E+05,243
2002,7,17,1.45E+05,232
2002,7,18,1.38E+05,225
2002,7,19,78690,147
2002,7,20,14615,37
2002,7,21,1.06E+05,220
2002,7,22,1.10E+05,247
2002,7,23,1.13E+05,253
2002,7,24,1.12E+05,251
2002,7,25,96934,224
2002,7,26,77462,177
2002,7,27,10960,27
2002,7,28,86607,205
2002,7,29,88599,248
2002,7,30,90885,238
2002,7,31,71233,204
2002,8,1,68507,185
2002,8,2,46040,129
2002,8,3,1970,17
2002,8,4,42239,151
2002,8,5,49412,204
2002,8,6,47438,196
2002,8,7,44286,182
2002,8,8,38035,162
2002,8,9,26157,113
2002,8,10,5960,24
2002,8,11,42012,152
2002,8,12,49472,210
2002,8,13,46365,186
2002,8,14,46513,178
2002,8,15,43983,167
2002,8,16,22956,104
2002,8,17,3357,21
2002,8,18,25496,117
2002,8,19,39843,182
2002,8,20,41582,187
2002,8,21,43320,209
2002,8,22,31574,173
2002,8,23,23925,114
2002,8,24,2662,17
2002,8,25,33024,132
2002,8,26,41896,195
2002,8,27,34995,179
2002,8,28,32689,163
2002,8,29,28446,148
2002,8,30,23429,119
2002,8,31,3130,18
2002,9,1,34611,139
2002,9,2,43228,195
2002,9,3,41896,191
2002,9,4,41649,188
2002,9,5,40683,170
2002,9,6,27190,119
2002,9,7,8730,40
2002,9,8,20718,93
2002,9,9,31860,131
2002,9,10,25036,89
2002,9,11,42546,141
2002,9,12,27327,131
2002,9,13,27711,103
2002,9,14,11363,39
2002,9,15,36653,109
2002,9,16,41664,155
2002,9,17,48306,187
2002,9,18,42700,174
2002,9,19,36434,150
2002,9,20,33747,131
2002,9,21,5939,29
2002,9,22,31005,117
2002,9,23,44934,179
2002,9,24,42926,158
2002,9,25,41783,158
2002,9,26,38125,149
2002,9,27,30219,123
2002,9,28,7991,39
2002,9,29,37077,114
2002,9,30,60646,187
2002,10,1,57861,190
2002,10,2,56838,191
2002,10,3,53263,176
2002,10,4,41197,152
2002,10,5,7640,34
2002,10,6,30376,119
2002,10,7,45090,186
2002,10,8,46126,174
2002,10,9,46438,166
2002,10,10,40145,165
2002,10,11,36305,141
2002,10,12,13302,49
2002,10,13,28393,111
2002,10,14,40850,147
2002,10,15,38194,131
2002,10,16,39387,144
2002,10,17,38743,153
2002,10,18,34668,132
2002,10,19,11201,47
2002,10,20,30379,115
2002,10,21,46667,163
2002,10,22,40512,159
2002,10,23,40639,150
2002,10,24,35792,131
2002,10,25,22533,91
2002,10,26,5773,32
2002,10,27,21551,81
2002,10,28,32151,133
2002,10,29,32395,126
2002,10,30,30981,124
2002,10,31,28670,118
2002,11,1,18915,79
2002,11,2,5816,32
2002,11,3,14895,81
2002,11,4,19549,93
2002,11,5,18193,92
2002,11,6,19036,71
2002,11,7,17285,83
2002,11,8,19660,74
2002,11,9,8825,31
2002,11,10,12333,56
2002,11,11,13501,72
2002,11,12,15359,78
2002,11,13,16630,81
2002,11,14,17117,86
2002,11,15,11035,60
2002,11,16,4250,26
2002,11,17,5145,24
2002,11,18,13654,57
2002,11,19,11231,67
2002,11,20,12014,71
2002,11,21,8658,55
2002,11,22,5170,36
2002,11,23,2718,17
2002,11,24,4316,28
2002,11,25,6836,31
2002,11,26,6470,27
2002,11,27,5706,27
2002,11,28,1670,12
2002,11,29,3283,18
2002,11,30,883.2,6
2002,12,1,1017,9
2002,12,2,2081,15
2002,12,3,1896,13
2002,12,4,1714,10
2002,12,5,1841,9
2002,12,6,1475,9
2002,12,7,1027,6
2002,12,8,404.1,5
2002,12,9,686.2,9
2002,12,10,909.8,10
2002,12,11,1608,11
2002,12,12,1223,6
2002,12,13,1192,5
2002,12,14,759.1,5
2002,12,15,1864,12
2002,12,16,2825,17
2002,12,17,2809,19
2002,12,18,2758,17
2002,12,19,1026,9
2002,12,20,702.9,6
2002,12,21,275,< 4
2002,12,22,0,0
2002,12,23,0,0
2002,12,24,0,0
2002,12,25,0,0
2002,12,26,0,0
2002,12,27,< 200,< 4
2002,12,28,250.5,< 4
2002,12,29,250.5,< 4
2002,12,30,< 200,< 4
2002,12,31,< 200,< 4
2003,1,1,0,0
2003,1,2,< 200,< 4
2003,1,3,744.3,4
2003,1,4,764.3,5
2003,1,5,658.3,< 4
2003,1,6,< 200,< 4
2003,1,7,271,< 4
2003,1,8,< 200,< 4
2003,1,9,< 200,< 4
2003,1,10,0,0
2003,1,11,0,0
2003,1,12,0,0
2003,1,13,0,0
2003,1,14,< 200,< 4
2003,1,15,< 200,< 4
2003,1,16,< 200,< 4
2003,1,17,< 200,< 4
2003,1,18,< 200,< 4
2003,1,19,0,0
2003,1,20,< 200,< 4
2003,1,21,< 200,< 4
2003,1,22,0,0
2003,1,23,0,0
2003,1,24,0,0
2003,1,25,0,0
2003,1,26,0,0
2003,1,27,0,0
2003,1,28,0,0
2003,1,29,0,0
2003,1,30,0,0
2003,1,31,0,0
2003,2,1,0,0
2003,2,2,0,0
2003,2,3,0,0
2003,2,4,0,0
2003,2,5,0,0
2003,2,6,0,0
2003,2,7,0,0
2003,2,8,0,0
2003,2,9,0,0
2003,2,10,0,0
2003,2,11,0,0
2003,2,12,0,0
2003,2,13,0,0
2003,2,14,0,0
2003,2,15,0,0
2003,2,16,0,0
2003,2,17,0,0
2003,2,18,0,0
2003,2,19,0,0
2003,2,20,0,0
2003,2,21,0,0
2003,2,22,0,0
2003,2,23,0,0
2003,2,24,0,0
2003,2,25,0,0
2003,2,26,0,0
2003,2,27,0,0
2003,2,28,0,0
2003,3,1,0,0
2003,3,2,0,0
2003,3,3,< 200,< 4
2003,3,4,< 200,< 4
2003,3,5,< 200,< 4
2003,3,6,< 200,< 4
2003,3,7,0,0
2003,3,8,0,0
2003,3,9,0,0
2003,3,10,0,0
2003,3,11,0,0
2003,3,12,0,0
2003,3,13,0,0
2003,3,14,0,0
2003,3,15,0,0
2003,3,16,0,0
2003,3,17,0,0
2003,3,18,0,0
2003,3,19,0,0
2003,3,20,0,0
2003,3,21,0,0
2003,3,22,0,0
2003,3,23,< 200,< 4
2003,3,24,< 200,< 4
2003,3,25,< 200,< 4
2003,3,26,321,4
2003,3,27,< 200,< 4
2003,3,28,0,0
2003,3,29,0,0
2003,3,30,< 200,< 4
2003,3,31,253.5,< 4
2003,4,1,< 200,< 4
2003,4,2,< 200,< 4
2003,4,3,< 200,< 4
2003,4,4,0,0
2003,4,5,0,0
2003,4,6,< 200,< 4
2003,4,7,< 200,< 4
2003,4,8,< 200,< 4
2003,4,9,0,0
2003,4,10,0,0
2003,4,11,< 200,< 4
2003,4,12,< 200,< 4
2003,4,13,217,4
2003,4,14,295.5,8
2003,4,15,246.5,6
2003,4,16,288,6
2003,4,17,337.5,6
2003,4,18,< 200,< 4
2003,4,19,0,0
2003,4,20,311.5,11
2003,4,21,536,17
2003,4,22,710.5,17
2003,4,23,931,19
2003,4,24,709.5,17
2003,4,25,570.5,13
2003,4,26,0,0
2003,4,27,736.5,13
2003,4,28,858.1,19
2003,4,29,976.6,20
2003,4,30,511.2,18
2003,5,1,703.7,20
2003,5,2,738.2,12
2003,5,3,< 200,< 4
2003,5,4,1692,30
2003,5,5,1802,40
2003,5,6,2086,35
2003,5,7,1659,33
2003,5,8,2516,40
2003,5,9,1895,33
2003,5,10,< 200,4
2003,5,11,3140,42
2003,5,12,4048,60
2003,5,13,3782,59
2003,5,14,2695,57
2003,5,15,1884,41
2003,5,16,1689,21
2003,5,17,399.7,4
2003,5,18,4221,41
2003,5,19,4691,58
2003,5,20,5679,66
2003,5,21,4233,59
2003,5,22,3329,54
2003,5,23,1918,35
2003,5,24,487.8,13
2003,5,25,4824,54
2003,5,26,3848,68
2003,5,27,4458,65
2003,5,28,4122,61
2003,5,29,5635,57
2003,5,30,4219,28
2003,5,31,2018,13
2003,6,1,6945,64
2003,6,2,7191,80
2003,6,3,4794,57
2003,6,4,3025,38
2003,6,5,3555,44
2003,6,6,3870,39
2003,6,7,1352,6
2003,6,8,6599,55
2003,6,9,8299,77
2003,6,10,9775,79
2003,6,11,8942,63
2003,6,12,10044,66
2003,6,13,8911,51
2003,6,14,4168,13
2003,6,15,8044,49
2003,6,16,12097,74
2003,6,17,11491,64
2003,6,18,16377,68
2003,6,19,12329,53
2003,6,20,18780,57
2003,6,21,19474,39
2003,6,22,44190,105
2003,6,23,50126,141
2003,6,24,47133,126
2003,6,25,49938,125
2003,6,26,55122,118
2003,6,27,51140,100
2003,6,28,44647,58
2003,6,29,56599,125
2003,6,30,62355,157
2003,7,1,58113,152
2003,7,2,47513,142
2003,7,3,43037,126
2003,7,4,56990,104
2003,7,5,42157,37
2003,7,6,80542,138
2003,7,7,84127,183
2003,7,8,75339,189
2003,7,9,65359,182
2003,7,10,51427,156
2003,7,11,44041,126
2003,7,12,17843,38
2003,7,13,83355,160
2003,7,14,83107,195
2003,7,15,91591,210
2003,7,16,88209,204
2003,7,17,76878,191
2003,7,18,74498,165
2003,7,19,28040,39
2003,7,20,64333,179
2003,7,21,66656,218
2003,7,22,66442,205
2003,7,23,63635,179
2003,7,24,67936,191
2003,7,25,68189,188
2003,7,26,27396,73
2003,7,27,66253,184
2003,7,28,82807,226
2003,7,29,85541,222
2003,7,30,73529,212
2003,7,31,69967,204
2003,8,1,49093,138
2003,8,2,12571,33
2003,8,3,50264,146
2003,8,4,62266,210
2003,8,5,56703,203
2003,8,6,52499,193
2003,8,7,52562,170
2003,8,8,50104,143
2003,8,9,8695,31
2003,8,10,60461,161
2003,8,11,71362,218
2003,8,12,70227,223
2003,8,13,62764,217
2003,8,14,55613,199
2003,8,15,40091,122
2003,8,16,8382,25
2003,8,17,30307,132
2003,8,18,37145,189
2003,8,19,35593,185
2003,8,20,35809,164
2003,8,21,21524,125
2003,8,22,15732,80
2003,8,23,6463,28
2003,8,24,30080,113
2003,8,25,39779,167
2003,8,26,36857,157
2003,8,27,34950,148
2003,8,28,31700,135
2003,8,29,28288,103
2003,8,30,3903,20
2003,8,31,32502,109
2003,9,1,41061,166
2003,9,2,39042,163
2003,9,3,37157,164
2003,9,4,35164,166
2003,9,5,35903,116
2003,9,6,1945,20
2003,9,7,20381,104
2003,9,8,32214,145
2003,9,9,34374,145
2003,9,10,29222,135
2003,9,11,26704,130
2003,9,12,31850,104
2003,9,13,10828,44
2003,9,14,26850,96
2003,9,15,22880,103
2003,9,16,10969,64
2003,9,17,4705,30
2003,9,18,2067,18
2003,9,19,6725,41
2003,9,20,13098,53
2003,9,21,20800,80
2003,9,22,28512,124
2003,9,23,18596,85
2003,9,24,21232,99
2003,9,25,19689,94
2003,9,26,16108,66
2003,9,27,10311,28
2003,9,28,14323,64
2003,9,29,17549,101
2003,9,30,21175,87
2003,10,1,37693,109
2003,10,2,24034,99
2003,10,3,20062,90
2003,10,4,8546,44
2003,10,5,11847,74
2003,10,6,18616,106
2003,10,7,20710,101
2003,10,8,18233,86
2003,10,9,25935,87
2003,10,10,23275,96
2003,10,11,14865,53
2003,10,12,16523,81
2003,10,13,25817,104
2003,10,14,19643,88
2003,10,15,19610,88
2003,10,16,16054,85
2003,10,17,21421,80
2003,10,18,7552,32
2003,10,19,9648,56
2003,10,20,16602,87
2003,10,21,19835,74
2003,10,22,16663,74
2003,10,23,13464,62
2003,10,24,20847,59
2003,10,25,10329,28
2003,10,26,6644,28
2003,10,27,17416,50
2003,10,28,13872,49
2003,10,29,12464,50
2003,10,30,23752,67
2003,10,31,14311,62
2003,11,1,8536,26
2003,11,2,7175,35
2003,11,3,10462,52
2003,11,4,10929,56
2003,11,5,18075,54
2003,11,6,9102,54
2003,11,7,7413,46
2003,11,8,4656,28
2003,11,9,10377,23
2003,11,10,6604,40
2003,11,11,14162,45
2003,11,12,7354,42
2003,11,13,10488,29
2003,11,14,3728,22
2003,11,15,5007,20
2003,11,16,3899,25
2003,11,17,13671,38
2003,11,18,5838,28
2003,11,19,3193,17
2003,11,20,4613,24
2003,11,21,4434,28
2003,11,22,2553,17
2003,11,23,10156,21
2003,11,24,6904,33
2003,11,25,4821,23
2003,11,26,2726,19
2003,11,27,1388,11
2003,11,28,1425,11
2003,11,29,< 200,< 4
2003,11,30,581.3,6
2003,12,1,3571,17
2003,12,2,5226,19
2003,12,3,4639,15
2003,12,4,10702,14
2003,12,5,2634,7
2003,12,6,721,< 4
2003,12,7,1172,6
2003,12,8,1919,10
2003,12,9,1879,9
2003,12,10,2038,11
2003,12,11,950.8,6
2003,12,12,1073,6
2003,12,13,1534,6
2003,12,14,2161,9
2003,12,15,3138,10
2003,12,16,2723,9
2003,12,17,2238,5
2003,12,18,2369,7
2003,12,19,2161,5
2003,12,20,1507,5
2003,12,21,1474,4
2003,12,22,1284,< 4
2003,12,23,< 200,< 4
2003,12,24,< 200,< 4
2003,12,25,297.8,< 4
2003,12,26,< 200,< 4
2003,12,27,488.8,4
2003,12,28,750.8,4
2003,12,29,740,4
2003,12,30,715.3,< 4
2003,12,31,1872,6
2004,1,1,1589,4
2004,1,2,1791,4
2004,1,3,787.6,< 4
2004,1,4,767.6,< 4
2004,1,5,465.3,< 4
2004,1,6,1941,5
2004,1,7,772.4,< 4
2004,1,8,772.4,< 4
2004,1,9,< 200,< 4
2004,1,10,0,0
2004,1,11,0,0
2004,1,12,236.4,< 4
2004,1,13,236.4,< 4
2004,1,14,240.4,< 4
2004,1,15,236.4,< 4
2004,1,16,0,0
2004,1,17,< 200,< 4
2004,1,18,< 200,< 4
2004,1,19,382.3,< 4
2004,1,20,671.4,5
2004,1,21,533.9,4
2004,1,22,533.9,4
2004,1,23,289.1,< 4
2004,1,24,< 200,< 4
2004,1,25,536.1,< 4
2004,1,26,692.4,< 4
2004,1,27,751.1,4
2004,1,28,751.1,4
2004,1,29,215,< 4
2004,1,30,< 200,< 4
2004,1,31,0,0
2004,2,1,0,0
2004,2,2,0,0
2004,2,3,0,0
2004,2,4,0,0
2004,2,5,0,0
2004,2,6,0,0
2004,2,7,0,0
2004,2,8,0,0
2004,2,9,0,0
2004,2,10,0,0
2004,2,11,0,0
2004,2,12,0,0
2004,2,13,0,0
2004,2,14,< 200,< 4
2004,2,15,< 200,< 4
2004,2,16,352.6,< 4
2004,2,17,352.6,< 4
2004,2,18,352.6,< 4
2004,2,19,210,< 4
2004,2,20,210,< 4
2004,2,21,0,0
2004,2,22,0,0
2004,2,23,< 200,< 4
2004,2,24,< 200,< 4
2004,2,25,< 200,< 4
2004,2,26,< 200,< 4
2004,2,27,0,0
2004,2,28,0,0
2004,2,29,0,0
2004,3,1,0,0
2004,3,2,0,0
2004,3,3,< 200,< 4
2004,3,4,< 200,< 4
2004,3,5,< 200,< 4
2004,3,6,0,0
2004,3,7,< 200,< 4
2004,3,8,< 200,< 4
2004,3,9,< 200,< 4
2004,3,10,< 200,< 4
2004,3,11,< 200,< 4
2004,3,12,< 200,< 4
2004,3,13,0,0
2004,3,14,0,0
2004,3,15,0,0
2004,3,16,0,0
2004,3,17,< 200,< 4
2004,3,18,< 200,< 4
2004,3,19,0,0
2004,3,20,0,0
2004,3,21,0,0
2004,3,22,< 200,< 4
2004,3,23,< 200,< 4
2004,3,24,< 200,< 4
2004,3,25,< 200,< 4
2004,3,26,< 200,< 4
2004,3,27,0,0
2004,3,28,0,0
2004,3,29,< 200,< 4
2004,3,30,0,0
2004,3,31,0,0
2004,4,1,0,0
2004,4,2,< 200,< 4
2004,4,3,< 200,< 4
2004,4,4,< 200,< 4
2004,4,5,0,0
2004,4,6,0,0
2004,4,7,222.5,5
2004,4,8,497.5,6
2004,4,9,< 200,< 4
2004,4,10,381,< 4
2004,4,11,< 200,4
2004,4,12,< 200,7
2004,4,13,240.3,6
2004,4,14,< 200,< 4
2004,4,15,647.8,8
2004,4,16,594.5,6
2004,4,17,< 200,< 4
2004,4,18,932.7,14
2004,4,19,1260,20
2004,4,20,806.5,16
2004,4,21,973.5,19
2004,4,22,665,9
2004,4,23,438.3,6
2004,4,24,0,0
2004,4,25,896.5,14
2004,4,26,1063,17
2004,4,27,1010,22
2004,4,28,670.5,22
2004,4,29,1007,24
2004,4,30,393.7,12
2004,5,1,< 200,< 4
2004,5,2,437.8,9
2004,5,3,557.6,15
2004,5,4,1596,24
2004,5,5,1268,31
2004,5,6,1077,30
2004,5,7,819,14
2004,5,8,362.7,5
2004,5,9,1272,24
2004,5,10,1842,36
2004,5,11,2453,38
2004,5,12,1759,33
2004,5,13,1696,33
2004,5,14,1246,26
2004,5,15,963,15
2004,5,16,2536,36
2004,5,17,3832,57
2004,5,18,3954,58
2004,5,19,4207,52
2004,5,20,4270,50
2004,5,21,4036,39
2004,5,22,1272,10
2004,5,23,3390,30
2004,5,24,4979,50
2004,5,25,3951,48
2004,5,26,3186,45
2004,5,27,2877,38
2004,5,28,3406,45
2004,5,29,1380,16
2004,5,30,2874,44
2004,5,31,3277,54
2004,6,1,3464,67
2004,6,2,3289,58
2004,6,3,2772,43
2004,6,4,2343,37
2004,6,5,693.2,8
2004,6,6,4796,51
2004,6,7,5275,69
2004,6,8,4792,56
2004,6,9,5258,59
2004,6,10,5548,54
2004,6,11,3591,35
2004,6,12,3816,22
2004,6,13,12507,80
2004,6,14,12167,91
2004,6,15,15225,97
2004,6,16,13592,91
2004,6,17,14101,79
2004,6,18,13935,69
2004,6,19,8244,18
2004,6,20,13106,74
2004,6,21,19703,99
2004,6,22,25716,91
2004,6,23,13524,80
2004,6,24,12706,77
2004,6,25,11407,62
2004,6,26,10231,31
2004,6,27,16022,87
2004,6,28,20861,115
2004,6,29,25465,116
2004,6,30,25547,115
2004,7,1,23039,105
2004,7,2,18286,79
2004,7,3,13841,37
2004,7,4,24572,91
2004,7,5,30426,123
2004,7,6,30399,124
2004,7,7,24553,119
2004,7,8,24768,114
2004,7,9,24724,93
2004,7,10,10761,33
2004,7,11,21194,83
2004,7,12,25941,125
2004,7,13,28201,127
2004,7,14,28073,127
2004,7,15,34247,125
2004,7,16,36909,105
2004,7,17,7916,34
2004,7,18,41034,122
2004,7,19,54439,176
2004,7,20,53222,185
2004,7,21,51904,171
2004,7,22,43162,153
2004,7,23,36051,97
2004,7,24,15080,30
2004,7,25,37777,130
2004,7,26,49575,179
2004,7,27,50421,179
2004,7,28,47734,164
2004,7,29,46254,157
2004,7,30,70644,152
2004,7,31,10806,29
2004,8,1,12869,82
2004,8,2,15030,105
2004,8,3,15610,91
2004,8,4,31804,143
2004,8,5,34320,139
2004,8,6,35541,116
2004,8,7,12277,31
2004,8,8,39135,123
2004,8,9,50727,169
2004,8,10,49222,168
2004,8,11,43990,160
2004,8,12,44867,146
2004,8,13,49927,79
2004,8,14,2620,14
2004,8,15,34262,122
2004,8,16,49921,182
2004,8,17,46269,169
2004,8,18,43161,157
2004,8,19,39653,147
2004,8,20,33669,110
2004,8,21,7808,28
2004,8,22,27731,112
2004,8,23,30609,143
2004,8,24,31584,136
2004,8,25,27522,123
2004,8,26,25133,110
2004,8,27,35537,88
2004,8,28,2293,18
2004,8,29,17142,55
2004,8,30,20639,84
2004,8,31,28404,120
2004,9,1,38260,132
2004,9,2,27158,106
2004,9,3,51175,96
2004,9,4,14473,34
2004,9,5,14147,77
2004,9,6,20893,111
2004,9,7,20095,103
2004,9,8,18715,98
2004,9,9,22586,95
2004,9,10,39232,121
2004,9,11,21554,59
2004,9,12,29295,100
2004,9,13,32385,135
2004,9,14,32265,126
2004,9,15,26927,111
2004,9,16,31487,101
2004,9,17,29383,71
2004,9,18,5584,20
2004,9,19,28825,73
2004,9,20,40879,112
2004,9,21,35909,103
2004,9,22,36613,108
2004,9,23,30636,100
2004,9,24,26464,87
2004,9,25,8989,28
2004,9,26,6495,39
2004,9,27,7129,50
2004,9,28,11375,51
2004,9,29,34997,105
2004,9,30,34422,115
2004,10,1,27476,98
2004,10,2,21189,47
2004,10,3,19468,58
2004,10,4,36568,95
2004,10,5,31871,106
2004,10,6,34458,112
2004,10,7,33677,105
2004,10,8,24671,76
2004,10,9,10192,41
2004,10,10,16224,67
2004,10,11,29322,104
2004,10,12,35899,120
2004,10,13,32874,119
2004,10,14,28640,94
2004,10,15,18480,66
2004,10,16,9433,36
2004,10,17,23293,75
2004,10,18,26818,94
2004,10,19,25629,79
2004,10,20,25421,85
2004,10,21,23644,84
2004,10,22,17234,62
2004,10,23,5271,31
2004,10,24,15308,61
2004,10,25,23386,92
2004,10,26,24513,91
2004,10,27,21429,89
2004,10,28,18913,78
2004,10,29,11474,49
2004,10,30,2265,11
2004,10,31,6434,32
2004,11,1,15560,70
2004,11,2,13602,70
2004,11,3,12994,65
2004,11,4,15361,43
2004,11,5,5841,46
2004,11,6,3395,25
2004,11,7,5901,35
2004,11,8,8419,48
2004,11,9,7459,37
2004,11,10,11390,45
2004,11,11,10983,52
2004,11,12,9268,35
2004,11,13,2130,7
2004,11,14,6492,21
2004,11,15,12450,45
2004,11,16,17145,59
2004,11,17,13499,56
2004,11,18,11004,49
2004,11,19,8618,43
2004,11,20,4148,23
2004,11,21,4697,29
2004,11,22,10102,42
2004,11,23,5986,30
2004,11,24,4932,26
2004,11,25,2499,18
2004,11,26,3500,19
2004,11,27,2902,12
2004,11,28,2498,17
2004,11,29,6173,33
2004,11,30,5179,25
2004,12,1,3374,19
2004,12,2,2434,17
2004,12,3,1650,17
2004,12,4,475.5,4
2004,12,5,2709,13
2004,12,6,2310,17
2004,12,7,2066,14
2004,12,8,1621,13
2004,12,9,1554,11
2004,12,10,1376,9
2004,12,11,0,0
2004,12,12,426.8,4
2004,12,13,345.2,5
2004,12,14,2113,12
2004,12,15,2377,12
2004,12,16,1966,13
2004,12,17,1601,9
2004,12,18,904.3,< 4
2004,12,19,629.3,< 4
2004,12,20,3199,4
2004,12,21,840.4,< 4
2004,12,22,359,< 4
2004,12,23,359,< 4
2004,12,24,276.6,< 4
2004,12,25,0,0
2004,12,26,0,0
2004,12,27,213,< 4
2004,12,28,1191,4
2004,12,29,874.3,4
2004,12,30,1217,4
2004,12,31,1066,5
2005,1,1,2260,5
2005,1,2,1452,4
2005,1,3,1910,8
2005,1,4,1282,7
2005,1,5,1302,5
2005,1,6,2542,5
2005,1,7,1342,5
2005,1,8,1643,5
2005,1,9,1703,4
2005,1,10,3067,11
2005,1,11,2796,9
2005,1,12,2796,9
2005,1,13,1978,6
2005,1,14,493.4,< 4
2005,1,15,0,0
2005,1,16,0,0
2005,1,17,0,0
2005,1,18,< 200,< 4
2005,1,19,< 200,< 4
2005,1,20,< 200,< 4
2005,1,21,< 200,< 4
2005,1,22,0,0
2005,1,23,0,0
2005,1,24,< 200,< 4
2005,1,25,< 200,< 4
2005,1,26,< 200,< 4
2005,1,27,< 200,< 4
2005,1,28,0,0
2005,1,29,0,0
2005,1,30,0,0
2005,1,31,0,0
2005,2,1,0,0
2005,2,2,0,0
2005,2,3,0,0
2005,2,4,0,0
2005,2,5,0,0
2005,2,6,220,< 4
2005,2,7,464.7,< 4
2005,2,8,464.7,< 4
2005,2,9,254.7,< 4
2005,2,10,220,< 4
2005,2,11,0,0
2005,2,12,< 200,< 4
2005,2,13,< 200,< 4
2005,2,14,0,0
2005,2,15,0,0
2005,2,16,433.3,< 4
2005,2,17,433.3,< 4
2005,2,18,698.3,< 4
2005,2,19,265,< 4
2005,2,20,0,0
2005,2,21,0,0
2005,2,22,0,0
2005,2,23,0,0
2005,2,24,610,< 4
2005,2,25,610,< 4
2005,2,26,409,< 4
2005,2,27,360,< 4
2005,2,28,360,< 4
2005,3,1,0,0
2005,3,2,0,0
2005,3,3,< 200,< 4
2005,3,4,< 200,< 4
2005,3,5,0,0
2005,3,6,0,0
2005,3,7,0,0
2005,3,8,0,0
2005,3,9,< 200,< 4
2005,3,10,201.5,< 4
2005,3,11,< 200,< 4
2005,3,12,0,0
2005,3,13,0,0
2005,3,14,0,0
2005,3,15,< 200,< 4
2005,3,16,< 200,< 4
2005,3,17,< 200,< 4
2005,3,18,< 200,< 4
2005,3,19,0,0
2005,3,20,0,0
2005,3,21,0,0
2005,3,22,0,0
2005,3,23,0,0
2005,3,24,< 200,< 4
2005,3,25,< 200,< 4
2005,3,26,0,0
2005,3,27,0,0
2005,3,28,0,0
2005,3,29,< 200,< 4
2005,3,30,< 200,< 4
2005,3,31,< 200,< 4
2005,4,1,< 200,< 4
2005,4,2,0,0
2005,4,3,0,0
2005,4,4,< 200,< 4
2005,4,5,< 200,< 4
2005,4,6,< 200,4
2005,4,7,< 200,< 4
2005,4,8,0,0
2005,4,9,0,0
2005,4,10,0,0
2005,4,11,0,0
2005,4,12,0,0
2005,4,13,0,0
2005,4,14,0,0
2005,4,15,0,0
2005,4,16,0,0
2005,4,17,0,0
2005,4,18,< 200,< 4
2005,4,19,< 200,< 4
2005,4,20,0,0
2005,4,21,0,0
2005,4,22,< 200,< 4
2005,4,23,0,0
2005,4,24,0,0
2005,4,25,< 200,< 4
2005,4,26,< 200,< 4
2005,4,27,< 200,< 4
2005,4,28,< 200,< 4
2005,4,29,< 200,< 4
2005,4,30,0,0
2005,5,1,0,0
2005,5,2,< 200,< 4
2005,5,3,< 200,< 4
2005,5,4,0,0
2005,5,5,< 200,< 4
2005,5,6,0,0
2005,5,7,< 200,< 4
2005,5,8,< 200,4
2005,5,9,< 200,< 4
2005,5,10,< 200,5
2005,5,11,< 200,5
2005,5,12,213,< 4
2005,5,13,< 200,< 4
2005,5,14,< 200,< 4
2005,5,15,210.5,4
2005,5,16,427.3,9
2005,5,17,460.3,11
2005,5,18,440.8,11
2005,5,19,422,11
2005,5,20,284.5,7
2005,5,21,0,0
2005,5,22,< 200,4
2005,5,23,551.4,9
2005,5,24,346.4,9
2005,5,25,298.4,9
2005,5,26,336.5,14
2005,5,27,343.9,10
2005,5,28,< 200,< 4
2005,5,29,425.1,10
2005,5,30,884.9,14
2005,5,31,870.4,14
2005,6,1,835.6,11
2005,6,2,857,13
2005,6,3,543.7,12
2005,6,4,399.5,4
2005,6,5,1461,24
2005,6,6,1664,28
2005,6,7,1935,24
2005,6,8,2121,22
2005,6,9,1872,21
2005,6,10,1848,17
2005,6,11,737.2,< 4
2005,6,12,2255,23
2005,6,13,1858,29
2005,6,14,1445,26
2005,6,15,1684,28
2005,6,16,1888,29
2005,6,17,2260,27
2005,6,18,847.7,7
2005,6,19,2584,20
2005,6,20,4323,36
2005,6,21,4705,41
2005,6,22,3745,35
2005,6,23,3390,26
2005,6,24,2871,22
2005,6,25,1684,8
2005,6,26,8886,36
2005,6,27,7972,43
2005,6,28,10393,46
2005,6,29,11851,53
2005,6,30,9227,46
2005,7,1,7476,40
2005,7,2,3781,17
2005,7,3,9881,43
2005,7,4,12072,61
2005,7,5,15272,65
2005,7,6,15379,62
2005,7,7,14022,64
2005,7,8,11715,46
2005,7,9,5193,19
2005,7,10,15434,55
2005,7,11,18129,72
2005,7,12,15426,75
2005,7,13,19231,81
2005,7,14,22694,91
2005,7,15,16490,77
2005,7,16,3666,20
2005,7,17,19606,74
2005,7,18,22080,97
2005,7,19,24102,102
2005,7,20,24542,102
2005,7,21,30213,107
2005,7,22,27892,97
2005,7,23,7172,25
2005,7,24,18626,75
2005,7,25,24868,111
2005,7,26,27558,110
2005,7,27,24315,104
2005,7,28,21710,94
2005,7,29,18234,64
2005,7,30,2773,14
2005,7,31,18209,56
2005,8,1,25882,98
2005,8,2,22880,93
2005,8,3,23905,92
2005,8,4,27239,90
2005,8,5,20539,75
2005,8,6,5037,21
2005,8,7,24230,74
2005,8,8,29243,97
2005,8,9,29249,102
2005,8,10,29526,103
2005,8,11,25728,91
2005,8,12,18339,67
2005,8,13,5124,19
2005,8,14,29972,73
2005,8,15,31144,107
2005,8,16,30441,117
2005,8,17,27767,113
2005,8,18,23883,97
2005,8,19,19412,76
2005,8,20,4011,20
2005,8,21,27044,84
2005,8,22,27968,108
2005,8,23,31667,112
2005,8,24,27862,97
2005,8,25,23298,91
2005,8,26,13434,61
2005,8,27,1647,16
2005,8,28,7218,54
2005,8,29,9708,73
2005,8,30,8833,64
2005,8,31,8101,53
2005,9,1,9471,59
2005,9,2,8985,49
2005,9,3,4313,22
2005,9,4,5666,42
2005,9,5,6738,49
2005,9,6,4922,38
2005,9,7,3042,33
2005,9,8,1944,26
2005,9,9,1663,19
2005,9,10,410,4
2005,9,11,1447,9
2005,9,12,925.6,12
2005,9,13,807.1,9
2005,9,14,1082,7
2005,9,15,3280,17
2005,9,16,8205,29
2005,9,17,3638,17
2005,9,18,7742,29
2005,9,19,6535,33
2005,9,20,9447,37
2005,9,21,8232,29
2005,9,22,12551,45
2005,9,23,8915,40
2005,9,24,4539,18
2005,9,25,6913,33
2005,9,26,10094,52
2005,9,27,11247,53
2005,9,28,10676,44
2005,9,29,7077,39
2005,9,30,8286,29
2005,10,1,9184,28
2005,10,2,7812,30
2005,10,3,13352,44
2005,10,4,9367,34
2005,10,5,6108,32
2005,10,6,4880,24
2005,10,7,1757,13
2005,10,8,2541,11
2005,10,9,9609,41
2005,10,10,17869,73
2005,10,11,15384,61
2005,10,12,14697,57
2005,10,13,16939,60
2005,10,14,17577,53
2005,10,15,10844,33
2005,10,16,11286,40
2005,10,17,18121,52
2005,10,18,16168,52
2005,10,19,14000,51
2005,10,20,12214,43
2005,10,21,10100,39
2005,10,22,3776,13
2005,10,23,7476,30
2005,10,24,10815,41
2005,10,25,3699,18
2005,10,26,11741,37
2005,10,27,12100,40
2005,10,28,8234,32
2005,10,29,6228,20
2005,10,30,5439,22
2005,10,31,6632,26
2005,11,1,642.8,4
2005,11,2,530.8,4
2005,11,3,685.8,5
2005,11,4,333.5,< 4
2005,11,5,< 200,< 4
2005,11,6,< 200,< 4
2005,11,7,315,< 4
2005,11,8,275,< 4
2005,11,9,< 200,< 4
2005,11,10,< 200,< 4
2005,11,11,375,< 4
2005,11,12,< 200,< 4
2005,11,13,0,0
2005,11,14,0,0
2005,11,15,888,< 4
2005,11,16,0,0
2005,11,17,0,0
2005,11,18,0,0
2005,11,19,< 200,< 4
2005,11,20,0,0
2005,11,21,308,< 4
2005,11,22,< 200,< 4
2005,11,23,295,< 4
2005,11,24,0,0
2005,11,25,0,0
2005,11,26,0,0
2005,11,27,0,0
2005,11,28,0,0
2005,11,29,0,0
2005,11,30,0,0
2005,12,1,0,0
2005,12,2,0,0
2005,12,3,0,0
2005,12,4,0,0
2005,12,5,0,0
2005,12,6,0,0
2005,12,7,0,0
2005,12,8,0,0
2005,12,9,0,0
2005,12,10,0,0
2005,12,11,0,0
2005,12,12,< 200,< 4
2005,12,13,< 200,< 4
2005,12,14,< 200,< 4
2005,12,15,< 200,< 4
2005,12,16,< 200,< 4
2005,12,17,< 200,< 4
2005,12,18,0,0
2005,12,19,0,0
2005,12,20,0,0
2005,12,21,0,0
2005,12,22,0,0
2005,12,23,0,0
2005,12,24,0,0
2005,12,25,0,0
2005,12,26,0,0
2005,12,27,0,0
2005,12,28,0,0
2005,12,29,0,0
2005,12,30,0,0
2005,12,31,0,0
