year,y365,prize_a
2000,1,3.333448044
2000,2,3.007332006
2000,3,3.034818828
2000,4,3.325543795
2000,5,3.232455765
2000,6,3.260591454
2000,7,3.257740237
2000,8,2.605760369
2000,9,2.940919232
2000,10,3.319719633
2000,11,2.570918801
2000,12,3.340730115
2000,13,1.814038156
2000,14,3.308769668
2000,15,3.524117858
2000,16,3.394359789
2000,17,3.404021204
2000,18,3.250494174
2000,19,3.14648351
2000,20,3.633515224
2000,21,3.427642948
2000,22,2.095043038
2000,23,3.552218799
2000,24,3.08765896
2000,25,3.118123302
2000,26,3.126
2000,27,3.126
2000,28,3.126
2000,29,3.429328978
2000,30,3.730790427
2000,31,1.709245139
2000,32,3.5203883
2000,33,3.155919604
2000,34,3.830157665
2000,35,2
2000,36,1.951303319
2000,37,1.834017599
2000,38,3.68163481
2000,39,3.726538123
2000,40,2
2000,41,4.457209457
2000,42,2.156364749
2000,43,1.946394028
2000,44,2.068495079
2000,45,2.130041652
2000,46,2
2000,47,2
2000,48,2
2000,49,3.959266271
2000,50,2
2000,51,2
2000,52,2.54048
2000,53,2
2000,54,1.829503904
2000,55,2.117050951
2000,56,2
2000,57,1.90087338
2000,58,1.889979469
2000,59,1.861993443
2000,60,2.339098272
2000,61,2
2000,62,2
2000,63,1.043023256
2000,64,2.982255319
2000,65,2
2000,66,1.965073529
2000,67,1.982
2000,68,2.764348296
2000,69,2.485142857
2000,70,1.476169968
2000,71,2.149088688
2000,72,2.185464894
2000,73,2.576557296
2000,74,2.27774592
2000,75,2.109456425
2000,76,3.126
2000,77,3.126
2000,78,2
2000,79,2
2000,80,2.079990089
2000,81,2.291030057
2000,82,2
2000,83,2.610966384
2000,84,3.126
2000,85,2.000750145
2000,86,2.040804025
2000,87,2.021032663
2000,88,2.075905372
2000,89,2.036624956
2000,90,2.304235485
2000,91,1.645453145
2000,92,2.144164805
2000,93,1.950507552
2000,94,2.295336716
2000,95,2.233172365
2000,96,2.02683985
2000,97,2.698346808
2000,98,3.126
2000,99,1.993939394
2000,100,2.234068572
2000,101,2.128298781
2000,102,2.282011254
2000,103,1.964015152
2000,104,2.892241233
2000,105,3.424113072
2000,106,1.983022584
2000,107,2.030731805
2000,108,2.021145758
2000,109,1.93958358
2000,110,2.063384329
2000,111,2.708871399
2000,112,3.552174242
2000,113,1.904675904
2000,114,2.25013844
2000,115,2.198375099
2000,116,2.649288714
2000,117,2.281250287
2000,118,3.226258982
2000,119,3.126
2000,120,1.968980694
2000,121,2.694869781
2000,122,2.163135695
2000,123,2.008259169
2000,124,2.426474814
2000,125,2.166053619
2000,126,3.126
2000,127,2.666512508
2000,128,2.01755302
2000,129,2.109844906
2000,130,2.783777828
2000,131,2.166897402
2000,132,2.309374668
2000,133,3.426534884
2000,134,2.563454711
2000,135,1.889742162
2000,136,1.838607936
2000,137,2.169887541
2000,138,2.494200714
2000,139,2.820358883
2000,140,1.789154362
2000,141,2.918154819
2000,142,2.897727093
2000,143,1.951074963
2000,144,2.495045851
2000,145,2.655488228
2000,146,2.912705325
2000,147,3.294196704
2000,148,2.300288353
2000,149,3.113935545
2000,150,2.938473855
2000,151,2.968248685
2000,152,2.68728424
2000,153,2.793531258
2000,154,2.202575717
2000,155,1.872207968
2000,156,2.448467099
2000,157,1.953694088
2000,158,2.451510151
2000,159,1.592904334
2000,160,2.449723597
2000,161,1.862783156
2000,162,1.715329206
2000,163,1.737161825
2000,164,1.389943878
2000,165,1.759206777
2000,166,1.700749447
2000,167,1.626578822
2000,168,1.639159148
2000,169,1.676799787
2000,170,1.77651177
2000,171,1.816729717
2000,172,1.692933967
2000,173,1.707262193
2000,174,1.667981961
2000,175,1.572124654
2000,176,1.843760582
2000,177,1.814695448
2000,178,1.838327702
2000,179,1.845942182
2000,180,1.906567178
2000,181,1.903599188
2000,182,1.620851722
2000,183,2.149467639
2000,184,2.093615779
2000,185,2.102682705
2000,186,2.190931499
2000,187,1.952202773
2000,188,2.10635338
2000,189,2.50511374
2000,190,2.345450471
2000,191,2.139791612
2000,192,2.217802466
2000,193,2.083515387
2000,194,2.292145043
2000,195,2.310860221
2000,196,2.140991386
2000,197,2.494508277
2000,198,2.060396894
2000,199,2.402364457
2000,200,2.487569485
2000,201,2.377232485
2000,202,2.520242363
2000,203,2.570353921
2000,204,2.572113072
2000,205,2.279801436
2000,206,2.319658581
2000,207,2.393849333
2000,208,2.454989653
2000,209,2.5146997
2000,210,2.538523858
2000,211,2.615282313
2000,212,2.384425491
2000,213,2.407145531
2000,214,2.3663711
2000,215,2.255225898
2000,216,2.554333192
2000,217,2.720636659
2000,218,2.519527631
2000,219,2.106064359
2000,220,2.193212474
2000,221,2.321935231
2000,222,2.217491635
2000,223,2.39945574
2000,224,2.420469068
2000,225,2.641914672
2000,226,2.115006218
2000,227,2.412967146
2000,228,2.190636717
2000,229,2.391198383
2000,230,2.610849613
2000,231,2.75931585
2000,232,2.653802995
2000,233,2.128202296
2000,234,2.035198778
2000,235,2.280517045
2000,236,2.179670691
2000,237,2.563113097
2000,238,2.21754025
2000,239,2.610065932
2000,240,1.814776958
2000,241,1.716088335
2000,242,1.869210265
2000,243,1.940737411
2000,244,2.249656709
2000,245,2.238708779
2000,246,2.466091913
2000,247,2.011196068
2000,248,2.288751886
2000,249,2.575918546
2000,250,2.378669424
2000,251,2.367167269
2000,252,2.41418673
2000,253,2.566916088
2000,254,2.256739025
2000,255,2.124039851
2000,256,2.27961993
2000,257,2.315244037
2000,258,2.561632867
2000,259,2.601400335
2000,260,2.554155214
2000,261,2.555219693
2000,262,2.534049634
2000,263,2.502684026
2000,264,2.496773779
2000,265,2.748005498
2000,266,2.762895066
2000,267,2.652874221
2000,268,2.730977058
2000,269,2.681344333
2000,270,2.539293327
2000,271,2.619100185
2000,272,2.608799302
2000,273,2.582951563
2000,274,2.676548346
2000,275,2.707227521
2000,276,2.50042402
2000,277,2.602592822
2000,278,2.476800157
2000,279,2.707808474
2000,280,2.804115883
2000,281,2.688531188
2000,282,2.658894052
2000,283,2.421175217
2000,284,2.465147362
2000,285,2.20796393
2000,286,2.713236246
2000,287,2.814294729
2000,288,2.63614342
2000,289,2.660210099
2000,290,2.659064989
2000,291,2.464808937
2000,292,2.559153367
2000,293,2.694129335
2000,294,2.795617322
2000,295,2.68269324
2000,296,2.630566394
2000,297,2.615126877
2000,298,2.656818408
2000,299,2.476564299
2000,300,2.681046019
2000,301,3.005821534
2000,302,2.700942332
2000,303,2.676024412
2000,304,2.721863157
2000,305,2.781760067
2000,306,2.69166332
2000,307,2.58155935
2000,308,2.671075938
2000,309,2.673103992
2000,310,2.449784948
2000,311,2.5300543
2000,312,2.489686704
2000,313,2.780403064
2000,314,2.72818506
2000,315,2.745462455
2000,316,2.643528587
2000,317,2.363389653
2000,318,2.560680884
2000,319,2.955712466
2000,320,2.944555005
2000,321,2.958446509
2000,322,3.080018442
2000,323,2.904989394
2000,324,2.897832887
2000,325,2.613351161
2000,326,2.352860431
2000,327,2.148620214
2000,328,2.120485822
2000,329,3.005061592
2000,330,1.920675934
2000,331,2.406105462
2000,332,1.840035057
2000,333,1.835508095
2000,334,2.936039334
2000,335,2.405498514
2000,336,2.538556588
2000,337,2.471599799
2000,338,2.197662609
2000,339,2.622957945
2000,340,1.312415817
2000,341,2.83734534
2000,342,2.56899413
2000,343,2.609899947
2000,344,2.835644231
2000,345,1.541962427
2000,346,2.261272965
2000,347,2.595232222
2000,348,2.028230792
2000,349,2.643076902
2000,350,2.736054906
2000,351,2.02306418
2000,352,1.85384293
2000,353,1.584090909
2000,354,2
2000,355,2.228337287
2000,356,1.844285714
2000,357,2.134399405
2000,358,2.342992165
2000,359,1.233055905
2000,360,3
2000,361,2.088715354
2000,362,2.249504101
2000,363,1.857215906
2000,364,1.8125
2000,365,3
2001,1,1.830627468
2001,2,1.894994116
2001,3,1.987269876
2001,4,2.184215672
2001,5,2.112209302
2001,6,2.348194228
2001,7,2.263794733
2001,8,2.220725388
2001,9,2.077894967
2001,10,2.448829908
2001,11,2.570918801
2001,12,2.549413711
2001,13,1.814038156
2001,14,2.029518162
2001,15,2.969246922
2001,16,2.297196349
2001,17,2.51532515
2001,18,2.288746786
2001,19,2.124415656
2001,20,2.414230363
2001,21,3.427642948
2001,22,2.095043038
2001,23,3.552218799
2001,24,2.0944174
2001,25,2.434453035
2001,26,2.170159547
2001,27,2.117671327
2001,28,2.3694412
2001,29,3.429328978
2001,30,3.730790427
2001,31,1.709245139
2001,32,2.78372093
2001,33,2.8542869
2001,34,2.607612492
2001,35,2
2001,36,1.951303319
2001,37,1.834017599
2001,38,2.541068197
2001,39,2.748096865
2001,40,2
2001,41,4.457209457
2001,42,2.156364749
2001,43,1.946394028
2001,44,2.068495079
2001,45,2.130041652
2001,46,2
2001,47,2.068488951
2001,48,2
2001,49,2.759148454
2001,50,2
2001,51,2.025
2001,52,2.54048
2001,53,2.181942948
2001,54,1.739026797
2001,55,2.259232956
2001,56,2
2001,57,1.877906977
2001,58,1.877906977
2001,59,1.560609967
2001,60,2.194549136
2001,61,0.976744186
2001,62,1.462208489
2001,63,1.043023256
2001,64,2.982255319
2001,65,2
2001,66,1.504048393
2001,67,1.796041403
2001,68,2.419886748
2001,69,1.849180191
2001,70,1.877906977
2001,71,1.877906977
2001,72,1.877906977
2001,73,1.796731778
2001,74,1.873567763
2001,75,1.305752754
2001,76,2.210700583
2001,77,1.733430368
2001,78,2.068728452
2001,79,1.305752754
2001,80,1.877906977
2001,81,1.739202923
2001,82,1.884854361
2001,83,2.049004527
2001,84,2.091290005
2001,85,1.706125701
2001,86,2.339132782
2001,87,1.698312808
2001,88,1.839844501
2001,89,2.683612133
2001,90,2.123088889
2001,91,1.834761757
2001,92,1.830558902
2001,93,1.804475108
2001,94,1.75051688
2001,95,1.683214162
2001,96,2.48255814
2001,97,1.831901268
2001,98,1.818883173
2001,99,1.909924502
2001,100,2.143994641
2001,101,2.079709901
2001,102,1.956182839
2001,103,2.106486285
2001,104,2.869186047
2001,105,1.69002448
2001,106,2.038356181
2001,107,2.268266527
2001,108,1.963614479
2001,109,1.730829316
2001,110,2.401936047
2001,111,1.857778515
2001,112,2.0194152
2001,113,2.137870758
2001,114,1.792027256
2001,115,1.667108614
2001,116,2.516772694
2001,117,1.935743988
2001,118,2.583558268
2001,119,2.232689462
2001,120,2.114934266
2001,121,1.893549241
2001,122,1.928007499
2001,123,2.001364651
2001,124,1.502316989
2001,125,2.869186047
2001,126,3.029263566
2001,127,2.201349632
2001,128,2.077079221
2001,129,2.006332712
2001,130,1.786646028
2001,131,1.717027023
2001,132,2.869186047
2001,133,2.132933832
2001,134,2.085004878
2001,135,2.198405718
2001,136,1.914517054
2001,137,2.580237907
2001,138,2.169605649
2001,139,2.707145531
2001,140,2.577132313
2001,141,1.932437453
2001,142,1.709249197
2001,143,2.355054331
2001,144,2.077222471
2001,145,2.15478366
2001,146,2.75630833
2001,147,2.394829779
2001,148,2.22991051
2001,149,2.171403299
2001,150,1.964777203
2001,151,2.163743329
2001,152,2.154518169
2001,153,2.843911675
2001,154,2.192193421
2001,155,2.098950055
2001,156,2.067051026
2001,157,1.832487537
2001,158,1.924279951
2001,159,1.814421998
2001,160,2.027716691
2001,161,1.96342935
2001,162,1.729641826
2001,163,1.572810626
2001,164,1.491160585
2001,165,1.386692881
2001,166,1.419409243
2001,167,1.364105561
2001,168,1.494617055
2001,169,1.3920534
2001,170,1.462729579
2001,171,1.436702696
2001,172,1.30313468
2001,173,1.290897242
2001,174,1.278003792
2001,175,1.446676446
2001,176,1.433413738
2001,177,1.41141294
2001,178,1.46993533
2001,179,1.279679157
2001,180,1.414532732
2001,181,1.228583738
2001,182,1.705400792
2001,183,1.644128378
2001,184,1.661440134
2001,185,1.735466757
2001,186,1.882689992
2001,187,1.556966321
2001,188,1.567169937
2001,189,1.984551665
2001,190,1.942492323
2001,191,1.823553457
2001,192,1.78224949
2001,193,1.828460064
2001,194,2.017759998
2001,195,1.772691786
2001,196,2.339070257
2001,197,2.131598984
2001,198,2.015524508
2001,199,2.094375634
2001,200,1.807483616
2001,201,2.304377902
2001,202,2.023594135
2001,203,2.497473317
2001,204,2.298116979
2001,205,2.293549702
2001,206,2.133034145
2001,207,1.88049688
2001,208,2.069348144
2001,209,1.873013759
2001,210,2.593822868
2001,211,2.528767411
2001,212,2.234195638
2001,213,1.922177789
2001,214,2.115459921
2001,215,2.467223108
2001,216,1.851525426
2001,217,2.625491962
2001,218,2.389961922
2001,219,2.205247179
2001,220,2.166653983
2001,221,2.045339466
2001,222,2.426322282
2001,223,2.400222139
2001,224,2.799397048
2001,225,2.521547018
2001,226,2.039882434
2001,227,2.069685519
2001,228,2.129838139
2001,229,2.620819788
2001,230,2.471680283
2001,231,2.858477478
2001,232,2.473075337
2001,233,1.999244634
2001,234,1.828986412
2001,235,1.625897161
2001,236,2.078568674
2001,237,1.818279686
2001,238,2.745877332
2001,239,2.221358365
2001,240,1.864652344
2001,241,1.916126035
2001,242,1.988309538
2001,243,2.154798252
2001,244,2.17715684
2001,245,2.738395206
2001,246,2.345473739
2001,247,2.357926145
2001,248,2.065470331
2001,249,1.866264976
2001,250,2.468883006
2001,251,2.31104475
2001,252,2.615283173
2001,253,2.348315279
2001,254,2.277111158
2001,255,2.002293087
2001,256,2.046552478
2001,257,2.468641316
2001,258,2.540754429
2001,259,2.472968775
2001,260,2.275780906
2001,261,2.457994515
2001,262,2.336673787
2001,263,2.387016624
2001,264,2.201840432
2001,265,2.381116932
2001,266,2.505382222
2001,267,2.256689543
2001,268,2.255467458
2001,269,2.289747045
2001,270,2.36576541
2001,271,2.556251878
2001,272,2.680295762
2001,273,2.564870579
2001,274,2.46293529
2001,275,2.437481382
2001,276,2.444801962
2001,277,2.43669584
2001,278,2.495726201
2001,279,2.578388562
2001,280,2.711934227
2001,281,2.454666533
2001,282,2.743357341
2001,283,2.597318435
2001,284,2.377836244
2001,285,2.574215511
2001,286,2.835033201
2001,287,2.711672486
2001,288,2.612103903
2001,289,2.72406016
2001,290,2.664803935
2001,291,2.425828834
2001,292,2.768375159
2001,293,2.434653186
2001,294,2.37561413
2001,295,2.126733448
2001,296,2.227648389
2001,297,2.244863806
2001,298,2.153292351
2001,299,2.492058439
2001,300,2.820031499
2001,301,2.130859855
2001,302,2.038373772
2001,303,2.412427323
2001,304,2.330409558
2001,305,2.439541348
2001,306,2.538668195
2001,307,2.50581288
2001,308,2.25109675
2001,309,2.204932079
2001,310,2.131844454
2001,311,2.386300354
2001,312,2.522549915
2001,313,2.698090338
2001,314,1.788704094
2001,315,2.607723391
2001,316,2.751012596
2001,317,2.611185149
2001,318,2.863694323
2001,319,2.275601969
2001,320,2.424113381
2001,321,2.324595039
2001,322,2.46781443
2001,323,1.84999071
2001,324,2.437500799
2001,325,2.81755805
2001,326,2.020797611
2001,327,1.950383912
2001,328,2.314434643
2001,329,1.957554402
2001,330,1.994607102
2001,331,1.953563195
2001,332,2.179433673
2001,333,2.259832195
2001,334,2.59226395
2001,335,2.907157365
2001,336,2.83368478
2001,337,2.432858907
2001,338,2.093086694
2001,339,2.723643454
2001,340,2.463125163
2001,341,2.595494357
2001,342,2.328170459
2001,343,1.702206901
2001,344,2.547601132
2001,345,2.525976615
2001,346,2.189840138
2001,347,2.542358203
2001,348,2.77860798
2001,349,2.396297244
2001,350,2.42599234
2001,351,2.631689319
2001,352,2.721836095
2001,353,2.230476764
2001,354,2.866581789
2001,355,3.059588917
2001,356,2.170381653
2001,357,2.134399405
2001,358,2.342992165
2001,359,1.233055905
2001,360,3
2001,361,2.314434643
2001,362,2.787544045
2001,363,1.857215906
2001,364,2.583771943
2001,365,2.615501063
2002,1,1.923029786
2002,2,1.688235294
2002,3,1.987269876
2002,4,2.184215672
2002,5,1.675204631
2002,6,2.095043038
2002,7,1.688235294
2002,8,1.688235294
2002,9,2.077894967
2002,10,1.955093787
2002,11,2.570918801
2002,12,2.549413711
2002,13,1.814038156
2002,14,2.029518162
2002,15,2.969246922
2002,16,2.297196349
2002,17,2.51532515
2002,18,1.781804863
2002,19,2.124415656
2002,20,2.414230363
2002,21,3.427642948
2002,22,2.095043038
2002,23,3.552218799
2002,24,2.0944174
2002,25,2.434453035
2002,26,2.170159547
2002,27,1.97023703
2002,28,2.3694412
2002,29,3.429328978
2002,30,3.730790427
2002,31,1.709245139
2002,32,3.152054615
2002,33,2.552654196
2002,34,1.385067319
2002,35,2
2002,36,1.951303319
2002,37,1.834017599
2002,38,2.541068197
2002,39,2.748096865
2002,40,2
2002,41,4.457209457
2002,42,2.156364749
2002,43,2.516317748
2002,44,2.068495079
2002,45,2.130041652
2002,46,2
2002,47,2.068488951
2002,48,2
2002,49,2.759148454
2002,50,2
2002,51,2.05
2002,52,2.54048
2002,53,2.363885897
2002,54,1.82630661
2002,55,2.259232956
2002,56,2
2002,57,2.05
2002,58,1.883943223
2002,59,1.259226491
2002,60,2.05
2002,61,1.401981051
2002,62,1.462208489
2002,63,1.043023256
2002,64,2.982255319
2002,65,2
2002,66,1.504048393
2002,67,1.206709874
2002,68,2.419886748
2002,69,1.385067319
2002,70,1.765719208
2002,71,1.380372542
2002,72,1.367067192
2002,73,1.36715454
2002,74,2.534473994
2002,75,1.707604589
2002,76,1.376060097
2002,77,1.531616981
2002,78,1.896118504
2002,79,1.382935785
2002,80,1.385067319
2002,81,2.053424878
2002,82,1.884854361
2002,83,1.280957396
2002,84,1.382823503
2002,85,1.409576353
2002,86,1.562350134
2002,87,1.375592953
2002,88,1.867963451
2002,89,2.683612133
2002,90,1.341609174
2002,91,1.456144533
2002,92,1.412006361
2002,93,1.500080921
2002,94,1.592317018
2002,95,1.980825353
2002,96,2.436334194
2002,97,1.3002419
2002,98,1.491868492
2002,99,1.355244318
2002,100,1.430184026
2002,101,1.37510275
2002,102,1.889158693
2002,103,1.900150358
2002,104,1.434231793
2002,105,1.425832009
2002,106,1.521594322
2002,107,1.469867448
2002,108,1.539823993
2002,109,2.07688609
2002,110,1.84669295
2002,111,1.573156413
2002,112,1.474264146
2002,113,1.488848168
2002,114,1.583722848
2002,115,2.043467029
2002,116,1.799616508
2002,117,1.831049307
2002,118,1.68217508
2002,119,1.59072267
2002,120,1.593855806
2002,121,2.046077868
2002,122,1.927852775
2002,123,1.675352479
2002,124,1.521486298
2002,125,1.578706175
2002,126,1.670678379
2002,127,1.613167261
2002,128,1.569606982
2002,129,1.563240879
2002,130,1.564664426
2002,131,1.626725481
2002,132,1.762867681
2002,133,1.906053444
2002,134,2.133857074
2002,135,2.26932515
2002,136,1.448664824
2002,137,1.738622022
2002,138,2.335302171
2002,139,1.649791701
2002,140,1.663096176
2002,141,1.942716504
2002,142,1.578437244
2002,143,1.474547636
2002,144,2.274903502
2002,145,1.663815027
2002,146,1.776827601
2002,147,1.819534537
2002,148,1.758102249
2002,149,1.818663612
2002,150,1.668302499
2002,151,1.790964535
2002,152,1.678099831
2002,153,1.669656887
2002,154,1.575594782
2002,155,1.358352448
2002,156,1.508871607
2002,157,1.677529516
2002,158,1.48798258
2002,159,1.017458828
2002,160,1.523447477
2002,161,1.345771575
2002,162,1.3057406
2002,163,1.453717177
2002,164,1.358828015
2002,165,1.290964298
2002,166,1.146382166
2002,167,1.333665883
2002,168,1.289250312
2002,169,1.344900249
2002,170,1.213794887
2002,171,1.257502295
2002,172,1.343117457
2002,173,1.23089331
2002,174,1.364673581
2002,175,1.277886395
2002,176,1.306116037
2002,177,1.337812902
2002,178,1.259243406
2002,179,1.417585221
2002,180,1.072097211
2002,181,1.456513406
2002,182,1.512992436
2002,183,1.528449896
2002,184,1.471340197
2002,185,1.381595867
2002,186,1.480126922
2002,187,1.740577615
2002,188,1.667927889
2002,189,1.654231717
2002,190,1.689894433
2002,191,1.597364105
2002,192,1.582071504
2002,193,1.539446603
2002,194,1.56724989
2002,195,1.771035372
2002,196,1.754829849
2002,197,1.737496467
2002,198,1.72635521
2002,199,1.686282462
2002,200,1.565711759
2002,201,1.756413633
2002,202,1.934599846
2002,203,1.785903936
2002,204,1.786109702
2002,205,1.797033949
2002,206,1.654254586
2002,207,1.804252596
2002,208,1.493149134
2002,209,1.943009439
2002,210,1.810789201
2002,211,1.633755854
2002,212,1.844792902
2002,213,1.605870051
2002,214,1.837364738
2002,215,1.710517402
2002,216,1.975439974
2002,217,1.821840494
2002,218,1.592145015
2002,219,1.339638429
2002,220,1.345007359
2002,221,1.644504954
2002,222,1.493763831
2002,223,2.155533121
2002,224,1.868923427
2002,225,1.525999365
2002,226,1.550111945
2002,227,1.45868588
2002,228,1.636703493
2002,229,1.121727843
2002,230,2.037018017
2002,231,1.794395348
2002,232,1.513036125
2002,233,1.460816509
2002,234,1.384968023
2002,235,1.361929157
2002,236,1.416102082
2002,237,2.038192898
2002,238,1.654157394
2002,239,1.640977908
2002,240,1.755182684
2002,241,1.438253133
2002,242,1.41419348
2002,243,1.700903244
2002,244,1.832375161
2002,245,1.513887743
2002,246,1.465179365
2002,247,1.528393105
2002,248,1.343897245
2002,249,1.370945801
2002,250,1.239602623
2002,251,1.580663793
2002,252,1.514548189
2002,253,1.509093185
2002,254,1.611511731
2002,255,1.446740771
2002,256,1.727395147
2002,257,1.831631506
2002,258,1.939859789
2002,259,1.717225381
2002,260,1.761394118
2002,261,1.719140366
2002,262,1.752266909
2002,263,1.970344447
2002,264,1.666388471
2002,265,1.937258002
2002,266,1.913284136
2002,267,1.848841993
2002,268,1.764134261
2002,269,1.761902592
2002,270,1.622606137
2002,271,1.943642328
2002,272,2.037174167
2002,273,1.921823459
2002,274,1.981093713
2002,275,1.91075924
2002,276,1.869097001
2002,277,2.024227518
2002,278,1.970915096
2002,279,2.144888654
2002,280,2.04334992
2002,281,1.962684143
2002,282,2.079958747
2002,283,1.95412322
2002,284,2.025157484
2002,285,2.024236587
2002,286,2.129964395
2002,287,2.073189557
2002,288,2.182048002
2002,289,2.145481562
2002,290,1.915942881
2002,291,2.014940637
2002,292,2.385700774
2002,293,2.126097342
2002,294,2.056322409
2002,295,1.866502667
2002,296,1.947895526
2002,297,1.970881499
2002,298,2.078741421
2002,299,2.363402127
2002,300,2.195340462
2002,301,2.082091203
2002,302,2.070257544
2002,303,2.070310252
2002,304,1.856494998
2002,305,2.047900216
2002,306,2.139690648
2002,307,2.218350012
2002,308,2.046077504
2002,309,1.815967265
2002,310,1.767861117
2002,311,2.148166044
2002,312,2.015511906
2002,313,2.635508152
2002,314,2.182485154
2002,315,2.148579557
2002,316,1.802857885
2002,317,2.229464346
2002,318,2.070227371
2002,319,1.94243892
2002,320,1.983141023
2002,321,2.359018207
2002,322,1.8897986
2002,323,2.172919275
2002,324,2.181593905
2002,325,1.903283819
2002,326,1.873209876
2002,327,2.668041809
2002,328,2.610316254
2002,329,1.835784586
2002,330,0.809408396
2002,331,1.58017046
2002,332,0.59603169
2002,333,0.749058121
2002,334,2.419143095
2002,335,2.137621881
2002,336,2.368225489
2002,337,2.062844812
2002,338,3.01962038
2002,339,2.441553088
2002,340,2.334037667
2002,341,2.786157766
2002,342,2.856672907
2002,343,1.959063726
2002,344,2.357298134
2002,345,2.584435457
2002,346,3
2002,347,2.116144645
2002,348,1.746589217
2002,349,2.49970279
2002,350,1.981565919
2002,351,2.152007736
2002,352,1.666864126
2002,353,3
2002,354,1.997809707
2002,355,2.05
2002,356,1.886329279
2002,357,2.134399405
2002,358,2.342992165
2002,359,1.233055905
2002,360,3
2002,361,3.274620769
2002,362,2.955980587
2002,363,1.857215906
2002,364,1.970608787
2002,365,3
2003,1,2.241320544
2003,2,1.10109375
2003,3,1.233908989
2003,4,2.001983659
2003,5,3
2003,6,2.348194228
2003,7,2.680997552
2003,8,2.220725388
2003,9,2.077894967
2003,10,2.105927222
2003,11,2.570918801
2003,12,2.549413711
2003,13,1.814038156
2003,14,2.051535844
2003,15,2.414375986
2003,16,2.297196349
2003,17,2.358932347
2003,18,2.288746786
2003,19,2.124415656
2003,20,1.650981741
2003,21,3.427642948
2003,22,2.095043038
2003,23,3.552218799
2003,24,2.0944174
2003,25,2.434453035
2003,26,2.170159547
2003,27,2.117671327
2003,28,2.3694412
2003,29,3.429328978
2003,30,3.730790427
2003,31,1.709245139
2003,32,3.152054615
2003,33,2.8542869
2003,34,2.607612492
2003,35,2
2003,36,1.951303319
2003,37,1.834017599
2003,38,2.541068197
2003,39,2.748096865
2003,40,2
2003,41,4.457209457
2003,42,2.156364749
2003,43,1.946394028
2003,44,2.068495079
2003,45,2.130041652
2003,46,2
2003,47,2.068488951
2003,48,2
2003,49,2.759148454
2003,50,2
2003,51,2.025
2003,52,2.54048
2003,53,2.181942948
2003,54,1.739026797
2003,55,2.259232956
2003,56,2
2003,57,1.864068604
2003,58,1.883943223
2003,59,1.560609967
2003,60,2.194549136
2003,61,1.459575079
2003,62,1.093858659
2003,63,1.043023256
2003,64,2.982255319
2003,65,2
2003,66,1.504048393
2003,67,1.796041403
2003,68,2.419886748
2003,69,1.849180191
2003,70,1.476169968
2003,71,1.802456069
2003,72,1.810146354
2003,73,2.371556351
2003,74,2.11444578
2003,75,1.707604589
2003,76,2.210700583
2003,77,2.130349116
2003,78,2.310066853
2003,79,1.56289618
2003,80,1.780988128
2003,81,2.053424878
2003,82,1.769708721
2003,83,2.228669127
2003,84,1.765046512
2003,85,2.637141424
2003,86,3.414244186
2003,87,1.698312808
2003,88,1.839844501
2003,89,3.33059931
2003,90,3.414244186
2003,91,1.645453145
2003,92,1.765046512
2003,93,2.747093023
2003,94,1.787024219
2003,95,1.919148979
2003,96,2.92253762
2003,97,1.765046512
2003,98,2.92253762
2003,99,2.033984762
2003,100,1.85583943
2003,101,3.414244186
2003,102,3.414244186
2003,103,2.842868614
2003,104,1.974101498
2003,105,1.767565619
2003,106,1.770075275
2003,107,1.995167117
2003,108,2.30755814
2003,109,1.809591041
2003,110,1.768705103
2003,111,1.748472571
2003,112,2.18271268
2003,113,1.871432732
2003,114,1.798011514
2003,115,1.918965947
2003,116,2.272009625
2003,117,1.764883867
2003,118,1.748615491
2003,119,2.131520683
2003,120,2.037251639
2003,121,1.675484803
2003,122,2.101977245
2003,123,1.731777061
2003,124,2.039864075
2003,125,1.722052939
2003,126,1.745049831
2003,127,1.918325727
2003,128,1.901311221
2003,129,2.300087851
2003,130,2.085548173
2003,131,1.754174666
2003,132,1.983971541
2003,133,1.943952885
2003,134,1.821973254
2003,135,1.856962808
2003,136,2.305955962
2003,137,1.458581707
2003,138,1.727585647
2003,139,2.073237052
2003,140,2.121801526
2003,141,1.769407584
2003,142,1.854674364
2003,143,2.77174429
2003,144,2.231010662
2003,145,2.10924103
2003,146,1.825049127
2003,147,2.526943615
2003,148,1.823133518
2003,149,1.239645094
2003,150,1.184684029
2003,151,1.487923495
2003,152,1.850857475
2003,153,1.477159097
2003,154,1.484722622
2003,155,1.311535477
2003,156,1.52865871
2003,157,1.14314479
2003,158,1.789074048
2003,159,1.587640308
2003,160,1.470670689
2003,161,1.155430061
2003,162,1.082977119
2003,163,1.335102001
2003,164,1.078054601
2003,165,1.724378275
2003,166,1.409538248
2003,167,1.080923513
2003,168,1.009462931
2003,169,0.97636072
2003,170,0.942998313
2003,171,1.142072424
2003,172,0.992124914
2003,173,1.196798692
2003,174,1.182069504
2003,175,1.123649128
2003,176,1.09638482
2003,177,1.071014731
2003,178,1.090954919
2003,179,1.111755546
2003,180,1.123689595
2003,181,1.140178168
2003,182,1.183989429
2003,183,1.13469422
2003,184,1.086490238
2003,185,1.183346709
2003,186,1.130859046
2003,187,1.34290079
2003,188,1.220743151
2003,189,1.212210819
2003,190,1.288832756
2003,191,1.26808
2003,192,1.392349482
2003,193,1.152992966
2003,194,1.608981346
2003,195,1.511762448
2003,196,1.311960307
2003,197,1.425705145
2003,198,1.462387784
2003,199,1.529366639
2003,200,1.328763235
2003,201,1.71261525
2003,202,1.586903061
2003,203,1.583551313
2003,204,1.628558333
2003,205,1.588140253
2003,206,1.366482245
2003,207,1.28380209
2003,208,1.909189502
2003,209,1.706123176
2003,210,1.676753541
2003,211,1.627780148
2003,212,1.62125558
2003,213,1.696115969
2003,214,1.419617521
2003,215,2.048365241
2003,216,1.913198176
2003,217,1.699540931
2003,218,1.657492311
2003,219,1.629507015
2003,220,1.715316754
2003,221,1.609707437
2003,222,2.034436275
2003,223,1.755951625
2003,224,1.773509807
2003,225,1.760423743
2003,226,1.707448863
2003,227,1.725818822
2003,228,1.715035079
2003,229,1.96187582
2003,230,1.738746766
2003,231,1.5900653
2003,232,1.729507865
2003,233,1.441710044
2003,234,1.242379624
2003,235,1.569526682
2003,236,1.880151541
2003,237,1.763735728
2003,238,1.703368228
2003,239,1.821916047
2003,240,1.654405087
2003,241,1.615760912
2003,242,1.923776079
2003,243,1.965933402
2003,244,1.90748246
2003,245,1.896395725
2003,246,1.998499388
2003,247,1.827155084
2003,248,1.897192514
2003,249,1.702245398
2003,250,2.049627961
2003,251,1.860855382
2003,252,1.826693529
2003,253,1.961113184
2003,254,1.901300474
2003,255,1.917345002
2003,256,1.726892665
2003,257,1.978030893
2003,258,1.758797514
2003,259,1.82937202
2003,260,1.394821425
2003,261,1.866604453
2003,262,1.713886381
2003,263,1.825392933
2003,264,1.794525169
2003,265,1.773010572
2003,266,1.731710214
2003,267,1.879119454
2003,268,1.777050941
2003,269,1.759745445
2003,270,2.009655975
2003,271,2.168671363
2003,272,1.92397328
2003,273,1.984215535
2003,274,2.22530189
2003,275,2.167770288
2003,276,2.126589807
2003,277,2.248353442
2003,278,2.057904991
2003,279,2.181566588
2003,280,2.126505801
2003,281,2.05848096
2003,282,2.067896177
2003,283,2.028658299
2003,284,2.168356532
2003,285,2.124208503
2003,286,2.091143084
2003,287,1.909380368
2003,288,2.12637145
2003,289,1.962793407
2003,290,2.153441669
2003,291,1.99861126
2003,292,1.979366263
2003,293,2.053390404
2003,294,2.029663417
2003,295,1.888618034
2003,296,1.967576684
2003,297,2.081831732
2003,298,2.332752055
2003,299,2.085754801
2003,300,2.157873615
2003,301,2.052015394
2003,302,2.101712272
2003,303,2.094962906
2003,304,2.028854843
2003,305,2.179569259
2003,306,1.997889822
2003,307,1.984433119
2003,308,1.849746833
2003,309,2.049899825
2003,310,1.810338464
2003,311,1.834865812
2003,312,1.829991497
2003,313,2.242121179
2003,314,2.077439159
2003,315,1.921004566
2003,316,1.646493051
2003,317,1.902359828
2003,318,1.510348202
2003,319,2.036889749
2003,320,1.686462169
2003,321,1.893692589
2003,322,1.629499765
2003,323,1.493571283
2003,324,2.204149424
2003,325,2.0456147
2003,326,1.828011904
2003,327,2.189187215
2003,328,2.003174961
2003,329,1.178532412
2003,330,2.384918615
2003,331,1.346034943
2003,332,1.47386208
2003,333,1.565150479
2003,334,2.061060558
2003,335,1.739069119
2003,336,1.473532149
2003,337,1.755253044
2003,338,1.397641956
2003,339,1.006858635
2003,340,1.16483308
2003,341,2.009029713
2003,342,1.819889995
2003,343,1.170528672
2003,344,1.277409487
2003,345,1.279531131
2003,346,1.248678049
2003,347,1.124049605
2003,348,1.480138918
2003,349,1.230676813
2003,350,1.202678206
2003,351,1.289900768
2003,352,1.453575103
2003,353,3
2003,354,1.259780033
2003,355,1.10109375
2003,356,1.551166513
2003,357,2.134399405
2003,358,2.342992165
2003,359,1.233055905
2003,360,1.230887833
2003,361,1.23797363
2003,362,1.10109375
2003,363,1.304821327
2003,364,1.36427956
2003,365,1.535272718
2004,1,2.241320544
2004,2,1.231316745
2004,3,1.200032909
2004,4,1.200032909
2004,5,3
2004,6,1.735985848
2004,7,1.200032909
2004,8,2.063384536
2004,9,1.217340468
2004,10,2.448829908
2004,11,2.570918801
2004,12,1.758097307
2004,13,1.814038156
2004,14,0.728248974
2004,15,2.969246922
2004,16,1.200032909
2004,17,1.783021898
2004,18,2.288746786
2004,19,1.102347803
2004,20,1.880456814
2004,21,3.427642948
2004,22,2.095043038
2004,23,3.552218799
2004,24,1.815466086
2004,25,1.750782768
2004,26,1.214319094
2004,27,1.25677695
2004,28,1.612882399
2004,29,3.429328978
2004,30,3.730790427
2004,31,1.709245139
2004,32,3.152054615
2004,33,2.8542869
2004,34,2.607612492
2004,35,2
2004,36,1.951303319
2004,37,1.834017599
2004,38,2.541068197
2004,39,1.769655608
2004,40,2
2004,41,4.457209457
2004,42,2.156364749
2004,43,1.946394028
2004,44,2.068495079
2004,45,2.130041652
2004,46,2
2004,47,2.130041652
2004,48,2
2004,49,2.759148454
2004,50,2
2004,51,2.025
2004,52,2.54048
2004,53,2.181942948
2004,54,1.561269877
2004,55,2.259232956
2004,56,2
2004,57,1.864068604
2004,58,1.883943223
2004,59,1.560609967
2004,60,2.194549136
2004,61,1.459575079
2004,62,1.065697674
2004,63,1.043023256
2004,64,2.982255319
2004,65,2
2004,66,1.043023256
2004,67,1.897539467
2004,68,2.419886748
2004,69,1.849180191
2004,70,0.784883721
2004,71,1.802456069
2004,72,1.810146354
2004,73,2.037485033
2004,74,2.11444578
2004,75,1.707604589
2004,76,2.130041652
2004,77,2.130349116
2004,78,2.068728452
2004,79,1.56289618
2004,80,1.780988128
2004,81,2.130041652
2004,82,1.884854361
2004,83,2.049004527
2004,84,2.091290005
2004,85,0.777034884
2004,86,2.339132782
2004,87,1.698312808
2004,88,1.936854694
2004,89,2.683612133
2004,90,2.123088889
2004,91,1.645453145
2004,92,3.05611729
2004,93,2.000539151
2004,94,1.517566445
2004,95,1.919148979
2004,96,2.327068881
2004,97,1.563969853
2004,98,1.475890269
2004,99,2.876830833
2004,100,1.61511048
2004,101,1.628158945
2004,102,1.375972406
2004,103,1.718911015
2004,104,2.904356858
2004,105,2.886401191
2004,106,1.705639699
2004,107,3.05611729
2004,108,1.963569849
2004,109,1.491065177
2004,110,1.396915741
2004,111,1.400613676
2004,112,2.142254311
2004,113,2.437143346
2004,114,1.458055814
2004,115,1.576003538
2004,116,2.122360582
2004,117,1.792373106
2004,118,1.256201831
2004,119,1.155987936
2004,120,1.769570836
2004,121,2.049987463
2004,122,2.471127017
2004,123,1.874529523
2004,124,1.515368963
2004,125,1.400112295
2004,126,1.955878593
2004,127,2.020408374
2004,128,0.941196916
2004,129,1.891930718
2004,130,1.645823078
2004,131,1.802348231
2004,132,1.425861938
2004,133,1.802567074
2004,134,2.127152038
2004,135,2.362587742
2004,136,1.773933771
2004,137,2.055719857
2004,138,1.838865598
2004,139,2.15355087
2004,140,2.035286642
2004,141,2.051020822
2004,142,2.469222777
2004,143,2.075788058
2004,144,2.059996828
2004,145,1.983211808
2004,146,2.038314287
2004,147,2.129516723
2004,148,2.159516432
2004,149,2.099172355
2004,150,2.077391873
2004,151,1.877075663
2004,152,1.850417688
2004,153,2.166244121
2004,154,1.615226403
2004,155,1.391323301
2004,156,2.255649746
2004,157,1.966197977
2004,158,1.50331964
2004,159,1.24277112
2004,160,1.552620426
2004,161,1.413567652
2004,162,1.212852238
2004,163,1.325448566
2004,164,1.239038024
2004,165,1.249439793
2004,166,1.253444146
2004,167,1.13885773
2004,168,1.176019842
2004,169,0.995363504
2004,170,1.094387757
2004,171,1.262799515
2004,172,1.066929608
2004,173,1.310076926
2004,174,1.271335347
2004,175,1.217442861
2004,176,1.005449105
2004,177,0.995827619
2004,178,1.303103208
2004,179,1.02724142
2004,180,1.386245557
2004,181,0.999714397
2004,182,0.966907946
2004,183,0.978035379
2004,184,1.248666769
2004,185,1.411714624
2004,186,1.325403145
2004,187,1.266918904
2004,188,1.472314965
2004,189,1.263536922
2004,190,1.134034925
2004,191,1.018320901
2004,192,1.759997874
2004,193,1.649957755
2004,194,1.337910693
2004,195,1.517753241
2004,196,1.381181769
2004,197,1.301211947
2004,198,1.222186965
2004,199,1.703901301
2004,200,1.648992449
2004,201,1.504646604
2004,202,1.630025752
2004,203,1.64913997
2004,204,1.492538884
2004,205,1.030548127
2004,206,1.847810788
2004,207,1.65594229
2004,208,1.67932779
2004,209,1.651664375
2004,210,1.740105657
2004,211,1.740474392
2004,212,1.868683333
2004,213,1.798339491
2004,214,1.812218458
2004,215,1.570269905
2004,216,1.71297176
2004,217,1.332528158
2004,218,1.689565166
2004,219,1.327079647
2004,220,1.976219474
2004,221,1.651561313
2004,222,1.55089644
2004,223,1.558797863
2004,224,1.504893824
2004,225,1.898831439
2004,226,1.329213155
2004,227,1.998614583
2004,228,1.624900708
2004,229,1.383219416
2004,230,1.474061147
2004,231,1.662634868
2004,232,1.827268541
2004,233,1.801697002
2004,234,2.05017433
2004,235,1.514234489
2004,236,1.316462231
2004,237,1.219399368
2004,238,1.880468147
2004,239,2.099523174
2004,240,1.415772353
2004,241,2.132321239
2004,242,1.882512849
2004,243,1.713335097
2004,244,1.857217444
2004,245,1.454385222
2004,246,2.020628806
2004,247,2.112357764
2004,248,1.984716645
2004,249,1.736331318
2004,250,1.595638601
2004,251,1.571485093
2004,252,1.612779185
2004,253,1.748503212
2004,254,1.824980157
2004,255,1.86953986
2004,256,1.751702711
2004,257,1.53177205
2004,258,1.65074487
2004,259,1.756067835
2004,260,1.765635812
2004,261,1.376431199
2004,262,1.705830931
2004,263,1.770223863
2004,264,1.703323643
2004,265,1.728693579
2004,266,1.776738529
2004,267,1.701435486
2004,268,1.657459264
2004,269,2.00189109
2004,270,1.740508454
2004,271,1.788967803
2004,272,1.996304371
2004,273,1.964743412
2004,274,1.828105387
2004,275,1.804478556
2004,276,2.273833652
2004,277,1.860756075
2004,278,1.95357093
2004,279,1.930939033
2004,280,1.96823944
2004,281,1.870646897
2004,282,1.956149081
2004,283,2.134021438
2004,284,2.058586969
2004,285,2.204083488
2004,286,1.674813711
2004,287,1.687779648
2004,288,1.84839616
2004,289,2.096514914
2004,290,2.236761545
2004,291,2.062339469
2004,292,1.888060393
2004,293,1.802073342
2004,294,1.756383868
2004,295,1.650452791
2004,296,1.735903615
2004,297,2.228837548
2004,298,2.072102978
2004,299,1.831074476
2004,300,1.890945591
2004,301,1.787219196
2004,302,1.864828617
2004,303,1.717216007
2004,304,2.216698379
2004,305,2.14538661
2004,306,1.883193736
2004,307,1.851201458
2004,308,2.090480681
2004,309,1.733602666
2004,310,2.006106624
2004,311,2.189539928
2004,312,2.135963321
2004,313,2.15535372
2004,314,2.159201104
2004,315,2.036736176
2004,316,1.683019643
2004,317,2.315353114
2004,318,2.429559002
2004,319,2.173156215
2004,320,2.21304726
2004,321,2.198828702
2004,322,1.788741969
2004,323,1.907005017
2004,324,1.94599323
2004,325,2.171336331
2004,326,2.156809538
2004,327,1.27516531
2004,328,1.998039712
2004,329,2.489526542
2004,330,1.609455441
2004,331,2.461249886
2004,332,2.002387495
2004,333,1.880255678
2004,334,1.997813848
2004,335,1.642434213
2004,336,1.874357598
2004,337,3.635442435
2004,338,3
2004,339,1.927259673
2004,340,1.833297068
2004,341,2.286306753
2004,342,2.067124806
2004,343,1.069335261
2004,344,2.625701906
2004,345,1.982976408
2004,346,2.006413772
2004,347,2.20293855
2004,348,2.107587052
2004,349,0.889567274
2004,350,2.120465764
2004,351,2.49906689
2004,352,1.471989944
2004,353,1.792996829
2004,354,1.856591323
2004,355,1.939898937
2004,356,1.979483236
2004,357,2.134399405
2004,358,2.342992165
2004,359,1.233055905
2004,360,1.792996829
2004,361,1.527832374
2004,362,2.153398022
2004,363,2.409610484
2004,364,2.121883645
2004,365,3
2005,1,1.878176877
2005,2,2.446992783
2005,3,2.480318776
2005,4,2.209302326
2005,5,2.309318973
2005,6,2.301156572
2005,7,2.491967673
2005,8,2.525521352
2005,9,2.0754252
2005,10,2.414578991
2005,11,2.570918801
2005,12,2.549413711
2005,13,1.814038156
2005,14,2.029518162
2005,15,2.969246922
2005,16,2.297196349
2005,17,2.51532515
2005,18,1.833941321
2005,19,2.124415656
2005,20,2.491967673
2005,21,3.427642948
2005,22,2.095043038
2005,23,3.552218799
2005,24,1.380127154
2005,25,2.434453035
2005,26,2.170159547
2005,27,2.117671327
2005,28,2.3694412
2005,29,3.429328978
2005,30,3.730790427
2005,31,1.709245139
2005,32,3.152054615
2005,33,2.8542869
2005,34,2.607612492
2005,35,2
2005,36,1.951303319
2005,37,1.834017599
2005,38,1.400501584
2005,39,2.748096865
2005,40,2
2005,41,4.457209457
2005,42,2.156364749
2005,43,1.376470307
2005,44,2.068495079
2005,45,2.130041652
2005,46,2
2005,47,2.0754252
2005,48,2
2005,49,1.559030637
2005,50,2
2005,51,2.025
2005,52,2.54048
2005,53,2.181942948
2005,54,1.739026797
2005,55,2.401414961
2005,56,2
2005,57,1.627494058
2005,58,1.883943223
2005,59,1.560609967
2005,60,2.194549136
2005,61,1.459575079
2005,62,1.689277623
2005,63,1.043023256
2005,64,2.982255319
2005,65,2
2005,66,1.504048393
2005,67,2.09791627
2005,68,2.0754252
2005,69,1.677330397
2005,70,1.476169968
2005,71,1.802456069
2005,72,1.810146354
2005,73,2.0754252
2005,74,1.771995442
2005,75,1.707604589
2005,76,2.210700583
2005,77,2.130349116
2005,78,2.068728452
2005,79,1.56289618
2005,80,1.780988128
2005,81,2.053424878
2005,82,1.884854361
2005,83,2.0754252
2005,84,2.091290005
2005,85,1.706125701
2005,86,2.339132782
2005,87,1.698312808
2005,88,1.478654485
2005,89,2.683612133
2005,90,1.432266711
2005,91,1.645453145
2005,92,2.041578774
2005,93,2.000539151
2005,94,1.779384035
2005,95,1.779384035
2005,96,1.767074601
2005,97,1.831901268
2005,98,2.167035911
2005,99,2.033984762
2005,100,1.85583943
2005,101,2.125102913
2005,102,2.183513876
2005,103,2.106486285
2005,104,2.414823486
2005,105,2.238787274
2005,106,1.803737612
2005,107,2.164030038
2005,108,2.252501845
2005,109,1.809591041
2005,110,1.895526834
2005,111,1.857778515
2005,112,1.169262835
2005,113,1.967994181
2005,114,1.776391174
2005,115,1.804054132
2005,116,2.272009625
2005,117,1.779384035
2005,118,1.984968177
2005,119,1.788614661
2005,120,1.896918648
2005,121,2.071993831
2005,122,1.939506672
2005,123,2.599628716
2005,124,1.801102228
2005,125,1.86627907
2005,126,2.305374074
2005,127,2.01047724
2005,128,1.779384035
2005,129,2.977755308
2005,130,2.101926542
2005,131,1.788585991
2005,132,1.782743972
2005,133,2.491967673
2005,134,2.491967673
2005,135,1.532852637
2005,136,2.360432843
2005,137,1.576333422
2005,138,1.451571611
2005,139,1.60491831
2005,140,2.05675862
2005,141,2.122747437
2005,142,1.469726547
2005,143,2.094248912
2005,144,1.587945501
2005,145,1.472054937
2005,146,1.538309928
2005,147,1.420669767
2005,148,2.054190213
2005,149,2.020475394
2005,150,1.959800296
2005,151,1.72614102
2005,152,3
2005,153,3.405089406
2005,154,2.013485069
2005,155,2.36011006
2005,156,2.048572251
2005,157,2.276942186
2005,158,2.088006772
2005,159,1.498749346
2005,160,1.697545396
2005,161,2.007618513
2005,162,1.86627907
2005,163,1.821555467
2005,164,1.54452324
2005,165,1.297192358
2005,166,1.519744798
2005,167,1.723667696
2005,168,2.016726863
2005,169,0.926800314
2005,170,1.871066093
2005,171,1.095087735
2005,172,1.131297484
2005,173,0.986761956
2005,174,1.253954119
2005,175,0.880864386
2005,176,1.936329561
2005,177,0.759198719
2005,178,0.798920367
2005,179,0.949781627
2005,180,0.881868761
2005,181,0.875076249
2005,182,0.83219837
2005,183,0.835596201
2005,184,1.168007964
2005,185,0.85716059
2005,186,0.818639056
2005,187,0.94912292
2005,188,1.018393629
2005,189,0.969088711
2005,190,0.87692104
2005,191,0.940285215
2005,192,0.926326006
2005,193,1.14595584
2005,194,1.165387102
2005,195,1.079219556
2005,196,1.13191048
2005,197,1.127114529
2005,198,1.219502197
2005,199,1.217808158
2005,200,1.141977012
2005,201,1.297824672
2005,202,1.207108569
2005,203,1.190453039
2005,204,0.888316686
2005,205,1.475026196
2005,206,1.303395206
2005,207,1.17173219
2005,208,1.431587919
2005,209,1.14737729
2005,210,0.999887043
2005,211,0.921768936
2005,212,1.673957282
2005,213,1.573810655
2005,214,1.346119995
2005,215,1.529316027
2005,216,1.405946191
2005,217,1.253191457
2005,218,0.960478363
2005,219,1.803353111
2005,220,1.617339186
2005,221,1.509123052
2005,222,1.624436141
2005,223,1.468655881
2005,224,1.404683753
2005,225,1.421477329
2005,226,1.879606343
2005,227,1.716744087
2005,228,1.549469958
2005,229,1.508756915
2005,230,1.473410131
2005,231,1.287136838
2005,232,1.620093492
2005,233,1.867656133
2005,234,1.674773042
2005,235,1.844578282
2005,236,1.670596365
2005,237,1.579343751
2005,238,1.419764219
2005,239,1.085576668
2005,240,1.716144061
2005,241,1.663651115
2005,242,1.693511978
2005,243,1.4422598
2005,244,1.502636308
2005,245,1.638663685
2005,246,1.613076932
2005,247,1.610461342
2005,248,1.574981618
2005,249,1.30974288
2005,250,1.3018029
2005,251,1.302311021
2005,252,1.433621308
2005,253,1.484603786
2005,254,1.348720699
2005,255,1.703424493
2005,256,1.341758799
2005,257,1.245859955
2005,258,1.33607727
2005,259,1.270768377
2005,260,1.332682054
2005,261,1.35667376
2005,262,1.286257634
2005,263,1.546416174
2005,264,1.291286632
2005,265,1.38916989
2005,266,1.33332466
2005,267,1.532260721
2005,268,1.616539399
2005,269,1.275640799
2005,270,1.523965785
2005,271,1.458888742
2005,272,1.399942602
2005,273,1.474193347
2005,274,1.56014643
2005,275,1.727473828
2005,276,1.480332812
2005,277,1.631231385
2005,278,1.436074322
2005,279,1.565903068
2005,280,1.495483378
2005,281,1.982520533
2005,282,1.512527731
2005,283,1.61461719
2005,284,1.45395481
2005,285,1.887539778
2005,286,1.450629643
2005,287,1.658630018
2005,288,1.772204611
2005,289,1.735621344
2005,290,1.768140147
2005,291,1.939194285
2005,292,1.758967604
2005,293,1.861873278
2005,294,2.053023615
2005,295,1.819028444
2005,296,1.686317975
2005,297,1.88669395
2005,298,1.855386574
2005,299,1.859364495
2005,300,1.861227347
2005,301,1.548060186
2005,302,1.800886481
2005,303,1.818948708
2005,304,1.621507295
2005,305,1.994642579
2005,306,1.824024437
2005,307,2.403684932
2005,308,1.013231756
2005,309,0.810794534
2005,310,2.033187121
2005,311,2.244842655
2005,312,1.013231756
2005,313,0.709575923
2005,314,1.715030805
2005,315,1.10058883
2005,316,0.739247452
2005,317,2.284350418
2005,318,2.286901956
2005,319,2.0754252
2005,320,2.250263768
2005,321,2.346916209
2005,322,2.171174641
2005,323,0.716182171
2005,324,2.333414049
2005,325,1.318521474
2005,326,2.046337872
2005,327,0.713909622
2005,328,2.209290278
2005,329,2.093291907
2005,330,1.743813098
2005,331,1.949424789
2005,332,1.618349999
2005,333,1.657960914
2005,334,2.401264157
2005,335,2.166356219
2005,336,2.217671321
2005,337,2.471599799
2005,338,4.764858142
2005,339,2.144454559
2005,340,1.821541759
2005,341,2.502866786
2005,342,2.328170459
2005,343,1.702206901
2005,344,2.328730978
2005,345,1.982976408
2005,346,1.466556669
2005,347,2.116144645
2005,348,2.028230792
2005,349,1.931864204
2005,350,2.093351427
2005,351,2.119145779
2005,352,1.833621639
2005,353,3
2005,354,1.996152571
2005,355,2.075783778
2005,356,1.886329279
2005,357,2.134399405
2005,358,2.342992165
2005,359,1.233055905
2005,360,3
2005,361,2.088715354
2005,362,2.249504101
2005,363,1.857215906
2005,364,1.970608787
2005,365,3
